cpm_id	Source	Target	attention
UHF0126	CHP00608	CHP00608	0.245845
UHF0126	CHP03800	CHP00608	0.068012
UHF0126	CHP04322	CHP00608	0.081
UHF0126	Dry therapeutic	CHP00608	0.073481
UHF0126	Moist therapeutic	CHP00608	0.110952
UHF0126	Cold therapeutic	CHP00608	0.273198
UHF0126	CHP03013	CHP00608	0.021825
UHF0126	CHP03124	CHP00608	0.054617
UHF0126	Hot therapeutic	CHP00608	0.070976
UHF0126	CHP03013	CHP03013	0.109988
UHF0126	CHP03124	CHP03013	0.230934
UHF0126	CHP04322	CHP03013	0.059377
UHF0126	Cold therapeutic	CHP03013	0.119845
UHF0126	Hot therapeutic	CHP03013	0.171251
UHF0126	Moist therapeutic	CHP03013	0.16116
UHF0126	CHP03800	CHP03013	0.051614
UHF0126	Dry therapeutic	CHP03013	0.05577
UHF0126	CHP00608	CHP03013	0.040167
UHF0126	CHP03013	CHP03124	0.099578
UHF0126	CHP03124	CHP03124	0.24967
UHF0126	CHP04322	CHP03124	0.059594
UHF0126	Cold therapeutic	CHP03124	0.120479
UHF0126	Hot therapeutic	CHP03124	0.166344
UHF0126	Moist therapeutic	CHP03124	0.156328
UHF0126	CHP03800	CHP03124	0.051793
UHF0126	Dry therapeutic	CHP03124	0.05596
UHF0126	CHP00608	CHP03124	0.040319
UHF0126	CHP00608	CHP03800	0.113307
UHF0126	CHP03800	CHP03800	0.077639
UHF0126	CHP04322	CHP03800	0.066261
UHF0126	Dry therapeutic	CHP03800	0.074573
UHF0126	Moist therapeutic	CHP03800	0.126251
UHF0126	Cold therapeutic	CHP03800	0.191724
UHF0126	CHP03013	CHP03800	0.060674
UHF0126	CHP03124	CHP03800	0.144611
UHF0126	Hot therapeutic	CHP03800	0.145127
UHF0126	CHP03013	CHP04322	0.058391
UHF0126	CHP03124	CHP04322	0.138761
UHF0126	CHP04322	CHP04322	0.096426
UHF0126	Cold therapeutic	CHP04322	0.20159
UHF0126	Hot therapeutic	CHP04322	0.110099
UHF0126	Moist therapeutic	CHP04322	0.156108
UHF0126	CHP03800	CHP04322	0.057945
UHF0126	Dry therapeutic	CHP04322	0.062244
UHF0126	CHP00608	CHP04322	0.118387
UHF0126	Cold therapeutic	Cold therapeutic	0.228481
UHF0126	CHP00608	Cold therapeutic	0.150821
UHF0126	Hot therapeutic	Cold therapeutic	0.119857
UHF0126	CHP03800	Cold therapeutic	0.066924
UHF0126	Moist therapeutic	Cold therapeutic	0.127709
UHF0126	CHP04322	Cold therapeutic	0.079838
UHF0126	Dry therapeutic	Cold therapeutic	0.071459
UHF0126	CHP03013	Cold therapeutic	0.045585
UHF0126	CHP03124	Cold therapeutic	0.10919
UHF0126	CHP00608	Dry therapeutic	0.113109
UHF0126	CHP03800	Dry therapeutic	0.068649
UHF0126	CHP04322	Dry therapeutic	0.065958
UHF0126	Dry therapeutic	Dry therapeutic	0.085084
UHF0126	Moist therapeutic	Dry therapeutic	0.125701
UHF0126	Cold therapeutic	Dry therapeutic	0.190779
UHF0126	CHP03013	Dry therapeutic	0.060513
UHF0126	CHP03124	Dry therapeutic	0.144565
UHF0126	Hot therapeutic	Dry therapeutic	0.145661
UHF0126	Moist therapeutic	Hot therapeutic	0.141088
UHF0126	Hot therapeutic	Hot therapeutic	0.178063
UHF0126	CHP03013	Hot therapeutic	0.088275
UHF0126	CHP03124	Hot therapeutic	0.203791
UHF0126	Cold therapeutic	Hot therapeutic	0.149713
UHF0126	CHP04322	Hot therapeutic	0.056617
UHF0126	CHP00608	Hot therapeutic	0.054572
UHF0126	CHP03800	Hot therapeutic	0.06174
UHF0126	Dry therapeutic	Hot therapeutic	0.066073
UHF0126	Moist therapeutic	Moist therapeutic	0.157616
UHF0126	Hot therapeutic	Moist therapeutic	0.141434
UHF0126	CHP03013	Moist therapeutic	0.083014
UHF0126	CHP03124	Moist therapeutic	0.192056
UHF0126	Cold therapeutic	Moist therapeutic	0.157595
UHF0126	CHP04322	Moist therapeutic	0.075484
UHF0126	CHP00608	Moist therapeutic	0.07908
UHF0126	CHP03800	Moist therapeutic	0.054648
UHF0126	Dry therapeutic	Moist therapeutic	0.058961
UHF0133	CHP04070	CHP04070	0.206745
UHF0133	Cold therapeutic	CHP04070	0.2484
UHF0133	Hot therapeutic	CHP04070	0.148114
UHF0133	Moist therapeutic	CHP04070	0.2484
UHF0133	Dry therapeutic	CHP04070	0.148114
UHF0133	Moist therapeutic	Cold therapeutic	0.236077
UHF0133	Cold therapeutic	Cold therapeutic	0.24302
UHF0133	CHP04070	Cold therapeutic	0.186319
UHF0133	Dry therapeutic	Cold therapeutic	0.167217
UHF0133	Hot therapeutic	Cold therapeutic	0.167217
UHF0133	CHP04070	Dry therapeutic	0.148114
UHF0133	Cold therapeutic	Dry therapeutic	0.222933
UHF0133	Hot therapeutic	Dry therapeutic	0.199396
UHF0133	Moist therapeutic	Dry therapeutic	0.222933
UHF0133	Dry therapeutic	Dry therapeutic	0.206339
UHF0133	Moist therapeutic	Hot therapeutic	0.222933
UHF0133	Cold therapeutic	Hot therapeutic	0.222933
UHF0133	CHP04070	Hot therapeutic	0.148114
UHF0133	Hot therapeutic	Hot therapeutic	0.206339
UHF0133	Dry therapeutic	Hot therapeutic	0.199396
UHF0133	Moist therapeutic	Moist therapeutic	0.24302
UHF0133	Cold therapeutic	Moist therapeutic	0.236077
UHF0133	CHP04070	Moist therapeutic	0.186319
UHF0133	Dry therapeutic	Moist therapeutic	0.167217
UHF0133	Hot therapeutic	Moist therapeutic	0.167217
UHF0117	CHP03052	CHP03052	0.464849
UHF0117	CHP03732	CHP03052	0.064096
UHF0117	Cold therapeutic	CHP03052	0.082128
UHF0117	Hot therapeutic	CHP03052	0.157757
UHF0117	Dry therapeutic	CHP03052	0.155043
UHF0117	Moist therapeutic	CHP03052	0.076291
UHF0117	CHP03052	CHP03732	0.369186
UHF0117	CHP03732	CHP03732	0.118441
UHF0117	Cold therapeutic	CHP03732	0.139704
UHF0117	Hot therapeutic	CHP03732	0.126386
UHF0117	Dry therapeutic	CHP03732	0.164918
UHF0117	Moist therapeutic	CHP03732	0.081359
UHF0117	Dry therapeutic	Cold therapeutic	0.158332
UHF0117	Hot therapeutic	Cold therapeutic	0.135592
UHF0117	CHP03052	Cold therapeutic	0.369268
UHF0117	Cold therapeutic	Cold therapeutic	0.136498
UHF0117	CHP03732	Cold therapeutic	0.107277
UHF0117	Moist therapeutic	Cold therapeutic	0.09303
UHF0117	Dry therapeutic	Dry therapeutic	0.159849
UHF0117	Hot therapeutic	Dry therapeutic	0.142827
UHF0117	CHP03052	Dry therapeutic	0.417612
UHF0117	Cold therapeutic	Dry therapeutic	0.109479
UHF0117	CHP03732	Dry therapeutic	0.089511
UHF0117	Moist therapeutic	Dry therapeutic	0.080761
UHF0117	Dry therapeutic	Hot therapeutic	0.151149
UHF0117	Hot therapeutic	Hot therapeutic	0.159052
UHF0117	CHP03052	Hot therapeutic	0.44246
UHF0117	Cold therapeutic	Hot therapeutic	0.092606
UHF0117	CHP03732	Hot therapeutic	0.066329
UHF0117	Moist therapeutic	Hot therapeutic	0.088456
UHF0117	CHP03052	Moist therapeutic	0.393346
UHF0117	CHP03732	Moist therapeutic	0.079806
UHF0117	Cold therapeutic	Moist therapeutic	0.115124
UHF0117	Hot therapeutic	Moist therapeutic	0.151927
UHF0117	Dry therapeutic	Moist therapeutic	0.150513
UHF0117	Moist therapeutic	Moist therapeutic	0.109319
UHF0123	CHP01757	CHP01757	0.324514
UHF0123	CHP06210	CHP01757	0.084326
UHF0123	Cold therapeutic	CHP01757	0.067847
UHF0123	Hot therapeutic	CHP01757	0.170441
UHF0123	Dry therapeutic	CHP01757	0.186746
UHF0123	CHP04065	CHP01757	0.088611
UHF0123	Moist therapeutic	CHP01757	0.077646
UHF0123	CHP04065	CHP04065	0.1685
UHF0123	Cold therapeutic	CHP04065	0.085588
UHF0123	Hot therapeutic	CHP04065	0.185017
UHF0123	Moist therapeutic	CHP04065	0.137549
UHF0123	CHP01757	CHP04065	0.228522
UHF0123	CHP06210	CHP04065	0.05652
UHF0123	Dry therapeutic	CHP04065	0.138282
UHF0123	CHP01757	CHP06210	0.298173
UHF0123	CHP06210	CHP06210	0.096182
UHF0123	Cold therapeutic	CHP06210	0.068379
UHF0123	Hot therapeutic	CHP06210	0.174656
UHF0123	Dry therapeutic	CHP06210	0.194169
UHF0123	CHP04065	CHP06210	0.08955
UHF0123	Moist therapeutic	CHP06210	0.078922
UHF0123	CHP01757	Cold therapeutic	0.239806
UHF0123	CHP06210	Cold therapeutic	0.065177
UHF0123	Cold therapeutic	Cold therapeutic	0.10543
UHF0123	Hot therapeutic	Cold therapeutic	0.161974
UHF0123	Dry therapeutic	Cold therapeutic	0.17868
UHF0123	CHP04065	Cold therapeutic	0.118792
UHF0123	Moist therapeutic	Cold therapeutic	0.130052
UHF0123	Dry therapeutic	Dry therapeutic	0.195969
UHF0123	Hot therapeutic	Dry therapeutic	0.167236
UHF0123	CHP01757	Dry therapeutic	0.292941
UHF0123	CHP06210	Dry therapeutic	0.085526
UHF0123	Moist therapeutic	Dry therapeutic	0.09092
UHF0123	Cold therapeutic	Dry therapeutic	0.078419
UHF0123	CHP04065	Dry therapeutic	0.089128
UHF0123	Dry therapeutic	Hot therapeutic	0.170539
UHF0123	Hot therapeutic	Hot therapeutic	0.178887
UHF0123	CHP01757	Hot therapeutic	0.27582
UHF0123	CHP06210	Hot therapeutic	0.076895
UHF0123	Moist therapeutic	Hot therapeutic	0.102082
UHF0123	Cold therapeutic	Hot therapeutic	0.075415
UHF0123	CHP04065	Hot therapeutic	0.120373
UHF0123	Moist therapeutic	Moist therapeutic	0.142674
UHF0123	Hot therapeutic	Moist therapeutic	0.174561
UHF0123	CHP04065	Moist therapeutic	0.154086
UHF0123	Dry therapeutic	Moist therapeutic	0.15366
UHF0123	Cold therapeutic	Moist therapeutic	0.096288
UHF0123	CHP01757	Moist therapeutic	0.222189
UHF0123	CHP06210	Moist therapeutic	0.056436
UHF0131	CHP02930	CHP02930	0.206745
UHF0131	Cold therapeutic	CHP02930	0.2484
UHF0131	Hot therapeutic	CHP02930	0.148114
UHF0131	Moist therapeutic	CHP02930	0.2484
UHF0131	Dry therapeutic	CHP02930	0.148114
UHF0131	Moist therapeutic	Cold therapeutic	0.236077
UHF0131	Cold therapeutic	Cold therapeutic	0.24302
UHF0131	CHP02930	Cold therapeutic	0.186319
UHF0131	Dry therapeutic	Cold therapeutic	0.167217
UHF0131	Hot therapeutic	Cold therapeutic	0.167217
UHF0131	CHP02930	Dry therapeutic	0.148114
UHF0131	Cold therapeutic	Dry therapeutic	0.222933
UHF0131	Hot therapeutic	Dry therapeutic	0.199396
UHF0131	Moist therapeutic	Dry therapeutic	0.222933
UHF0131	Dry therapeutic	Dry therapeutic	0.206339
UHF0131	Moist therapeutic	Hot therapeutic	0.222933
UHF0131	Cold therapeutic	Hot therapeutic	0.222933
UHF0131	CHP02930	Hot therapeutic	0.148114
UHF0131	Hot therapeutic	Hot therapeutic	0.206339
UHF0131	Dry therapeutic	Hot therapeutic	0.199396
UHF0131	Moist therapeutic	Moist therapeutic	0.24302
UHF0131	Cold therapeutic	Moist therapeutic	0.236077
UHF0131	CHP02930	Moist therapeutic	0.186319
UHF0131	Dry therapeutic	Moist therapeutic	0.167217
UHF0131	Hot therapeutic	Moist therapeutic	0.167217
UHF0132	CHP00308	CHP00308	0.068737
UHF0132	CHP00997	CHP00308	0.016161
UHF0132	CHP01690	CHP00308	0.032694
UHF0132	CHP01757	CHP00308	0.098221
UHF0132	CHP01771	CHP00308	0.019193
UHF0132	CHP02685	CHP00308	0.036132
UHF0132	CHP02750	CHP00308	0.026871
UHF0132	CHP03999	CHP00308	0.031169
UHF0132	CHP04258	CHP00308	0.013364
UHF0132	CHP04861	CHP00308	0.033945
UHF0132	CHP05255	CHP00308	0.038301
UHF0132	CHP06210	CHP00308	0.01611
UHF0132	Cold therapeutic	CHP00308	0.137252
UHF0132	Hot therapeutic	CHP00308	0.068809
UHF0132	Dry therapeutic	CHP00308	0.118012
UHF0132	CHP00608	CHP00308	0.028105
UHF0132	CHP02023	CHP00308	0.014996
UHF0132	CHP02305	CHP00308	0.015542
UHF0132	CHP02756	CHP00308	0.016515
UHF0132	CHP06224	CHP00308	0.039925
UHF0132	CHP06256	CHP00308	0.030379
UHF0132	CHP06320	CHP00308	0.022974
UHF0132	Moist therapeutic	CHP00308	0.034135
UHF0132	CHP03013	CHP00308	0.006922
UHF0132	CHP03120	CHP00308	0.028066
UHF0132	CHP04065	CHP00308	0.007425
UHF0132	CHP00308	CHP00608	0.044808
UHF0132	CHP00997	CHP00608	0.004703
UHF0132	CHP01690	CHP00608	0.010863
UHF0132	CHP01757	CHP00608	0.033256
UHF0132	CHP01771	CHP00608	0.004867
UHF0132	CHP02685	CHP00608	0.0376
UHF0132	CHP02750	CHP00608	0.025407
UHF0132	CHP03999	CHP00608	0.031777
UHF0132	CHP04258	CHP00608	0.003406
UHF0132	CHP04861	CHP00608	0.010782
UHF0132	CHP05255	CHP00608	0.036229
UHF0132	CHP06210	CHP00608	0.004541
UHF0132	Cold therapeutic	CHP00608	0.233169
UHF0132	Hot therapeutic	CHP00608	0.039449
UHF0132	Dry therapeutic	CHP00608	0.06872
UHF0132	CHP00608	CHP00608	0.136946
UHF0132	CHP02023	CHP00608	0.02183
UHF0132	CHP02305	CHP00608	0.020439
UHF0132	CHP02756	CHP00608	0.021638
UHF0132	CHP06224	CHP00608	0.049128
UHF0132	CHP06256	CHP00608	0.043384
UHF0132	CHP06320	CHP00608	0.033566
UHF0132	Moist therapeutic	CHP00608	0.044998
UHF0132	CHP03013	CHP00608	0.006045
UHF0132	CHP03120	CHP00608	0.025989
UHF0132	CHP04065	CHP00608	0.006482
UHF0132	CHP00308	CHP00997	0.026676
UHF0132	CHP00997	CHP00997	0.036392
UHF0132	CHP01690	CHP00997	0.050481
UHF0132	CHP01757	CHP00997	0.1507
UHF0132	CHP01771	CHP00997	0.032045
UHF0132	CHP02685	CHP00997	0.020907
UHF0132	CHP02750	CHP00997	0.01669
UHF0132	CHP03999	CHP00997	0.018217
UHF0132	CHP04258	CHP00997	0.022429
UHF0132	CHP04861	CHP00997	0.053124
UHF0132	CHP05255	CHP00997	0.024304
UHF0132	CHP06210	CHP00997	0.02601
UHF0132	Cold therapeutic	CHP00997	0.060726
UHF0132	Hot therapeutic	CHP00997	0.124451
UHF0132	Dry therapeutic	CHP00997	0.12484
UHF0132	CHP00608	CHP00997	0.005471
UHF0132	CHP02023	CHP00997	0.006361
UHF0132	CHP02305	CHP00997	0.012748
UHF0132	CHP02756	CHP00997	0.013877
UHF0132	CHP06224	CHP00997	0.038554
UHF0132	CHP06256	CHP00997	0.006639
UHF0132	CHP06320	CHP00997	0.009617
UHF0132	Moist therapeutic	CHP00997	0.03059
UHF0132	CHP03013	CHP00997	0.015147
UHF0132	CHP03120	CHP00997	0.056275
UHF0132	CHP04065	CHP00997	0.016786
UHF0132	CHP00308	CHP01690	0.026752
UHF0132	CHP00997	CHP01690	0.025935
UHF0132	CHP01690	CHP01690	0.062783
UHF0132	CHP01757	CHP01690	0.151127
UHF0132	CHP01771	CHP01690	0.03206
UHF0132	CHP02685	CHP01690	0.020982
UHF0132	CHP02750	CHP01690	0.016739
UHF0132	CHP03999	CHP01690	0.018276
UHF0132	CHP04258	CHP01690	0.022424
UHF0132	CHP04861	CHP01690	0.053238
UHF0132	CHP05255	CHP01690	0.024386
UHF0132	CHP06210	CHP01690	0.026029
UHF0132	Cold therapeutic	CHP01690	0.060784
UHF0132	Hot therapeutic	CHP01690	0.122853
UHF0132	Dry therapeutic	CHP01690	0.123036
UHF0132	CHP00608	CHP01690	0.005512
UHF0132	CHP02023	CHP01690	0.006399
UHF0132	CHP02305	CHP01690	0.012789
UHF0132	CHP02756	CHP01690	0.013917
UHF0132	CHP06224	CHP01690	0.038698
UHF0132	CHP06256	CHP01690	0.006688
UHF0132	CHP06320	CHP01690	0.009674
UHF0132	Moist therapeutic	CHP01690	0.030652
UHF0132	CHP03013	CHP01690	0.015179
UHF0132	CHP03120	CHP01690	0.056395
UHF0132	CHP04065	CHP01690	0.01682
UHF0132	CHP00308	CHP01757	0.026218
UHF0132	CHP00997	CHP01757	0.025428
UHF0132	CHP01690	CHP01757	0.04991
UHF0132	CHP01757	CHP01757	0.177412
UHF0132	CHP01771	CHP01757	0.031324
UHF0132	CHP02685	CHP01757	0.020613
UHF0132	CHP02750	CHP01757	0.016427
UHF0132	CHP03999	CHP01757	0.01794
UHF0132	CHP04258	CHP01757	0.02187
UHF0132	CHP04861	CHP01757	0.052395
UHF0132	CHP05255	CHP01757	0.023982
UHF0132	CHP06210	CHP01757	0.025482
UHF0132	Cold therapeutic	CHP01757	0.059144
UHF0132	Hot therapeutic	CHP01757	0.121376
UHF0132	Dry therapeutic	CHP01757	0.12158
UHF0132	CHP00608	CHP01757	0.005435
UHF0132	CHP02023	CHP01757	0.006291
UHF0132	CHP02305	CHP01757	0.012577
UHF0132	CHP02756	CHP01757	0.013678
UHF0132	CHP06224	CHP01757	0.038181
UHF0132	CHP06256	CHP01757	0.006592
UHF0132	CHP06320	CHP01757	0.009512
UHF0132	Moist therapeutic	CHP01757	0.029978
UHF0132	CHP03013	CHP01757	0.014899
UHF0132	CHP03120	CHP01757	0.055354
UHF0132	CHP04065	CHP01757	0.016501
UHF0132	CHP00308	CHP01771	0.026454
UHF0132	CHP00997	CHP01771	0.025752
UHF0132	CHP01690	CHP01771	0.050556
UHF0132	CHP01757	CHP01771	0.151084
UHF0132	CHP01771	CHP01771	0.049325
UHF0132	CHP02685	CHP01771	0.020796
UHF0132	CHP02750	CHP01771	0.016594
UHF0132	CHP03999	CHP01771	0.018103
UHF0132	CHP04258	CHP01771	0.022148
UHF0132	CHP04861	CHP01771	0.053068
UHF0132	CHP05255	CHP01771	0.02423
UHF0132	CHP06210	CHP01771	0.025808
UHF0132	Cold therapeutic	CHP01771	0.059589
UHF0132	Hot therapeutic	CHP01771	0.122689
UHF0132	Dry therapeutic	CHP01771	0.123376
UHF0132	CHP00608	CHP01771	0.005429
UHF0132	CHP02023	CHP01771	0.006292
UHF0132	CHP02305	CHP01771	0.012671
UHF0132	CHP02756	CHP01771	0.013784
UHF0132	CHP06224	CHP01771	0.038499
UHF0132	CHP06256	CHP01771	0.006586
UHF0132	CHP06320	CHP01771	0.009514
UHF0132	Moist therapeutic	CHP01771	0.030161
UHF0132	CHP03013	CHP01771	0.015027
UHF0132	CHP03120	CHP01771	0.055819
UHF0132	CHP04065	CHP01771	0.01664
UHF0132	CHP02023	CHP02023	0.039319
UHF0132	CHP03013	CHP02023	0.027376
UHF0132	CHP03120	CHP02023	0.111209
UHF0132	CHP04065	CHP02023	0.030698
UHF0132	CHP06320	CHP02023	0.043725
UHF0132	Cold therapeutic	CHP02023	0.161142
UHF0132	Hot therapeutic	CHP02023	0.078444
UHF0132	Moist therapeutic	CHP02023	0.105673
UHF0132	CHP00308	CHP02023	0.02983
UHF0132	CHP00608	CHP02023	0.027321
UHF0132	CHP02305	CHP02023	0.015313
UHF0132	CHP02685	CHP02023	0.024347
UHF0132	CHP02750	CHP02023	0.016994
UHF0132	CHP02756	CHP02023	0.016393
UHF0132	CHP03999	CHP02023	0.020771
UHF0132	CHP05255	CHP02023	0.02402
UHF0132	CHP06224	CHP02023	0.039328
UHF0132	CHP06256	CHP02023	0.029106
UHF0132	Dry therapeutic	CHP02023	0.055701
UHF0132	CHP00997	CHP02023	0.006793
UHF0132	CHP01690	CHP02023	0.015346
UHF0132	CHP01757	CHP02023	0.046902
UHF0132	CHP01771	CHP02023	0.007196
UHF0132	CHP04258	CHP02023	0.005146
UHF0132	CHP04861	CHP02023	0.015389
UHF0132	CHP06210	CHP02023	0.006606
UHF0132	CHP00308	CHP02305	0.031551
UHF0132	CHP00997	CHP02305	0.015068
UHF0132	CHP01690	CHP02305	0.031032
UHF0132	CHP01757	CHP02305	0.093488
UHF0132	CHP01771	CHP02305	0.017719
UHF0132	CHP02685	CHP02305	0.026058
UHF0132	CHP02750	CHP02305	0.018426
UHF0132	CHP03999	CHP02305	0.022161
UHF0132	CHP04258	CHP02305	0.012571
UHF0132	CHP04861	CHP02305	0.032022
UHF0132	CHP05255	CHP02305	0.026553
UHF0132	CHP06210	CHP02305	0.014959
UHF0132	Cold therapeutic	CHP02305	0.130955
UHF0132	Hot therapeutic	CHP02305	0.103108
UHF0132	Dry therapeutic	CHP02305	0.083275
UHF0132	CHP00608	CHP02305	0.02665
UHF0132	CHP02023	CHP02305	0.016378
UHF0132	CHP02305	CHP02305	0.02821
UHF0132	CHP02756	CHP02305	0.020798
UHF0132	CHP06224	CHP02305	0.051589
UHF0132	CHP06256	CHP02305	0.028547
UHF0132	CHP06320	CHP02305	0.02452
UHF0132	Moist therapeutic	CHP02305	0.049625
UHF0132	CHP03013	CHP02305	0.015837
UHF0132	CHP03120	CHP02305	0.061331
UHF0132	CHP04065	CHP02305	0.017504
UHF0132	CHP00308	CHP02685	0.04569
UHF0132	CHP00997	CHP02685	0.016239
UHF0132	CHP01690	CHP02685	0.03285
UHF0132	CHP01757	CHP02685	0.098687
UHF0132	CHP01771	CHP02685	0.019293
UHF0132	CHP02685	CHP02685	0.049179
UHF0132	CHP02750	CHP02685	0.026976
UHF0132	CHP03999	CHP02685	0.031289
UHF0132	CHP04258	CHP02685	0.013429
UHF0132	CHP04861	CHP02685	0.034109
UHF0132	CHP05255	CHP02685	0.03843
UHF0132	CHP06210	CHP02685	0.016186
UHF0132	Cold therapeutic	CHP02685	0.140726
UHF0132	Hot therapeutic	CHP02685	0.069354
UHF0132	Dry therapeutic	CHP02685	0.120312
UHF0132	CHP00608	CHP02685	0.028347
UHF0132	CHP02023	CHP02685	0.015101
UHF0132	CHP02305	CHP02685	0.01565
UHF0132	CHP02756	CHP02685	0.016632
UHF0132	CHP06224	CHP02685	0.040232
UHF0132	CHP06256	CHP02685	0.030614
UHF0132	CHP06320	CHP02685	0.023121
UHF0132	Moist therapeutic	CHP02685	0.034464
UHF0132	CHP03013	CHP02685	0.00703
UHF0132	CHP03120	CHP02685	0.028496
UHF0132	CHP04065	CHP02685	0.007542
UHF0132	CHP00308	CHP02750	0.045564
UHF0132	CHP00997	CHP02750	0.016251
UHF0132	CHP01690	CHP02750	0.032872
UHF0132	CHP01757	CHP02750	0.098745
UHF0132	CHP01771	CHP02750	0.019319
UHF0132	CHP02685	CHP02750	0.036113
UHF0132	CHP02750	CHP02750	0.038062
UHF0132	CHP03999	CHP02750	0.031167
UHF0132	CHP04258	CHP02750	0.013442
UHF0132	CHP04861	CHP02750	0.034135
UHF0132	CHP05255	CHP02750	0.038269
UHF0132	CHP06210	CHP02750	0.016197
UHF0132	Cold therapeutic	CHP02750	0.141231
UHF0132	Hot therapeutic	CHP02750	0.069575
UHF0132	Dry therapeutic	CHP02750	0.121381
UHF0132	CHP00608	CHP02750	0.028386
UHF0132	CHP02023	CHP02750	0.015077
UHF0132	CHP02305	CHP02750	0.015634
UHF0132	CHP02756	CHP02750	0.016619
UHF0132	CHP06224	CHP02750	0.040252
UHF0132	CHP06256	CHP02750	0.03062
UHF0132	CHP06320	CHP02750	0.023068
UHF0132	Moist therapeutic	CHP02750	0.034556
UHF0132	CHP03013	CHP02750	0.007123
UHF0132	CHP03120	CHP02750	0.028856
UHF0132	CHP04065	CHP02750	0.007644
UHF0132	CHP00308	CHP02756	0.031526
UHF0132	CHP00997	CHP02756	0.015134
UHF0132	CHP01690	CHP02756	0.031148
UHF0132	CHP01757	CHP02756	0.093825
UHF0132	CHP01771	CHP02756	0.017806
UHF0132	CHP02685	CHP02756	0.025995
UHF0132	CHP02750	CHP02756	0.018417
UHF0132	CHP03999	CHP02756	0.022121
UHF0132	CHP04258	CHP02756	0.012637
UHF0132	CHP04861	CHP02756	0.032146
UHF0132	CHP05255	CHP02756	0.026523
UHF0132	CHP06210	CHP02756	0.015028
UHF0132	Cold therapeutic	CHP02756	0.129844
UHF0132	Hot therapeutic	CHP02756	0.101558
UHF0132	Dry therapeutic	CHP02756	0.083678
UHF0132	CHP00608	CHP02756	0.026645
UHF0132	CHP02023	CHP02756	0.016383
UHF0132	CHP02305	CHP02756	0.019292
UHF0132	CHP02756	CHP02756	0.030747
UHF0132	CHP06224	CHP02756	0.051581
UHF0132	CHP06256	CHP02756	0.028506
UHF0132	CHP06320	CHP02756	0.024502
UHF0132	Moist therapeutic	CHP02756	0.049796
UHF0132	CHP03013	CHP02756	0.015916
UHF0132	CHP03120	CHP02756	0.061645
UHF0132	CHP04065	CHP02756	0.017593
UHF0132	CHP02023	CHP03013	0.024138
UHF0132	CHP03013	CHP03013	0.046482
UHF0132	CHP03120	CHP03013	0.145875
UHF0132	CHP04065	CHP03013	0.041897
UHF0132	CHP06320	CHP03013	0.033228
UHF0132	Cold therapeutic	CHP03013	0.077722
UHF0132	Hot therapeutic	CHP03013	0.133138
UHF0132	Moist therapeutic	CHP03013	0.10174
UHF0132	CHP00308	CHP03013	0.010451
UHF0132	CHP00608	CHP03013	0.005649
UHF0132	CHP02305	CHP03013	0.012815
UHF0132	CHP02685	CHP03013	0.009143
UHF0132	CHP02750	CHP03013	0.006469
UHF0132	CHP02756	CHP03013	0.014035
UHF0132	CHP03999	CHP03013	0.007699
UHF0132	CHP05255	CHP03013	0.009707
UHF0132	CHP06224	CHP03013	0.038436
UHF0132	CHP06256	CHP03013	0.006547
UHF0132	Dry therapeutic	CHP03013	0.056286
UHF0132	CHP00997	CHP03013	0.015336
UHF0132	CHP01690	CHP03013	0.031023
UHF0132	CHP01757	CHP03013	0.093244
UHF0132	CHP01771	CHP03013	0.018354
UHF0132	CHP04258	CHP03013	0.013117
UHF0132	CHP04861	CHP03013	0.032256
UHF0132	CHP06210	CHP03013	0.015291
UHF0132	CHP02023	CHP03120	0.023687
UHF0132	CHP03013	CHP03120	0.036485
UHF0132	CHP03120	CHP03120	0.169439
UHF0132	CHP04065	CHP03120	0.04112
UHF0132	CHP06320	CHP03120	0.032607
UHF0132	Cold therapeutic	CHP03120	0.076699
UHF0132	Hot therapeutic	CHP03120	0.130409
UHF0132	Moist therapeutic	CHP03120	0.09936
UHF0132	CHP00308	CHP03120	0.010355
UHF0132	CHP00608	CHP03120	0.005596
UHF0132	CHP02305	CHP03120	0.01263
UHF0132	CHP02685	CHP03120	0.009058
UHF0132	CHP02750	CHP03120	0.00641
UHF0132	CHP02756	CHP03120	0.013833
UHF0132	CHP03999	CHP03120	0.007628
UHF0132	CHP05255	CHP03120	0.009618
UHF0132	CHP06224	CHP03120	0.037809
UHF0132	CHP06256	CHP03120	0.006485
UHF0132	Dry therapeutic	CHP03120	0.055713
UHF0132	CHP00997	CHP03120	0.015106
UHF0132	CHP01690	CHP03120	0.030508
UHF0132	CHP01757	CHP03120	0.091673
UHF0132	CHP01771	CHP03120	0.018103
UHF0132	CHP04258	CHP03120	0.01294
UHF0132	CHP04861	CHP03120	0.031735
UHF0132	CHP06210	CHP03120	0.015068
UHF0132	CHP00308	CHP03999	0.045443
UHF0132	CHP00997	CHP03999	0.016097
UHF0132	CHP01690	CHP03999	0.032331
UHF0132	CHP01757	CHP03999	0.097044
UHF0132	CHP01771	CHP03999	0.019221
UHF0132	CHP02685	CHP03999	0.035905
UHF0132	CHP02750	CHP03999	0.026779
UHF0132	CHP03999	CHP03999	0.043966
UHF0132	CHP04258	CHP03999	0.013394
UHF0132	CHP04861	CHP03999	0.033664
UHF0132	CHP05255	CHP03999	0.038022
UHF0132	CHP06210	CHP03999	0.016074
UHF0132	Cold therapeutic	CHP03999	0.142589
UHF0132	Hot therapeutic	CHP03999	0.070179
UHF0132	Dry therapeutic	CHP03999	0.122903
UHF0132	CHP00608	CHP03999	0.028231
UHF0132	CHP02023	CHP03999	0.015064
UHF0132	CHP02305	CHP03999	0.015569
UHF0132	CHP02756	CHP03999	0.016562
UHF0132	CHP06224	CHP03999	0.039996
UHF0132	CHP06256	CHP03999	0.030422
UHF0132	CHP06320	CHP03999	0.023013
UHF0132	Moist therapeutic	CHP03999	0.034472
UHF0132	CHP03013	CHP03999	0.00703
UHF0132	CHP03120	CHP03999	0.028526
UHF0132	CHP04065	CHP03999	0.007539
UHF0132	CHP02023	CHP04065	0.024187
UHF0132	CHP03013	CHP04065	0.037311
UHF0132	CHP03120	CHP04065	0.146511
UHF0132	CHP04065	CHP04065	0.053735
UHF0132	CHP06320	CHP04065	0.033306
UHF0132	Cold therapeutic	CHP04065	0.077477
UHF0132	Hot therapeutic	CHP04065	0.132127
UHF0132	Moist therapeutic	CHP04065	0.099712
UHF0132	CHP00308	CHP04065	0.010411
UHF0132	CHP00608	CHP04065	0.005626
UHF0132	CHP02305	CHP04065	0.012811
UHF0132	CHP02685	CHP04065	0.009105
UHF0132	CHP02750	CHP04065	0.006444
UHF0132	CHP02756	CHP04065	0.014028
UHF0132	CHP03999	CHP04065	0.007668
UHF0132	CHP05255	CHP04065	0.009669
UHF0132	CHP06224	CHP04065	0.038515
UHF0132	CHP06256	CHP04065	0.006518
UHF0132	Dry therapeutic	CHP04065	0.055962
UHF0132	CHP00997	CHP04065	0.015342
UHF0132	CHP01690	CHP04065	0.031106
UHF0132	CHP01757	CHP04065	0.093528
UHF0132	CHP01771	CHP04065	0.01833
UHF0132	CHP04258	CHP04065	0.013091
UHF0132	CHP04861	CHP04065	0.032322
UHF0132	CHP06210	CHP04065	0.015288
UHF0132	CHP00308	CHP04258	0.02649
UHF0132	CHP00997	CHP04258	0.025681
UHF0132	CHP01690	CHP04258	0.050243
UHF0132	CHP01757	CHP04258	0.150068
UHF0132	CHP01771	CHP04258	0.031697
UHF0132	CHP02685	CHP04258	0.020799
UHF0132	CHP02750	CHP04258	0.016585
UHF0132	CHP03999	CHP04258	0.01811
UHF0132	CHP04258	CHP04258	0.033168
UHF0132	CHP04861	CHP04258	0.052802
UHF0132	CHP05255	CHP04258	0.024185
UHF0132	CHP06210	CHP04258	0.025757
UHF0132	Cold therapeutic	CHP04258	0.059993
UHF0132	Hot therapeutic	CHP04258	0.12674
UHF0132	Dry therapeutic	CHP04258	0.127023
UHF0132	CHP00608	CHP04258	0.005472
UHF0132	CHP02023	CHP04258	0.006344
UHF0132	CHP02305	CHP04258	0.012677
UHF0132	CHP02756	CHP04258	0.013792
UHF0132	CHP06224	CHP04258	0.038416
UHF0132	CHP06256	CHP04258	0.006638
UHF0132	CHP06320	CHP04258	0.009592
UHF0132	Moist therapeutic	CHP04258	0.030313
UHF0132	CHP03013	CHP04258	0.015034
UHF0132	CHP03120	CHP04258	0.055856
UHF0132	CHP04065	CHP04258	0.016655
UHF0132	CHP00308	CHP04861	0.026524
UHF0132	CHP00997	CHP04861	0.026157
UHF0132	CHP01690	CHP04861	0.051597
UHF0132	CHP01757	CHP04861	0.154324
UHF0132	CHP01771	CHP04861	0.032049
UHF0132	CHP02685	CHP04861	0.020875
UHF0132	CHP02750	CHP04861	0.016695
UHF0132	CHP03999	CHP04861	0.018173
UHF0132	CHP04258	CHP04861	0.02241
UHF0132	CHP04861	CHP04861	0.069391
UHF0132	CHP05255	CHP04861	0.02442
UHF0132	CHP06210	CHP04861	0.02619
UHF0132	Cold therapeutic	CHP04861	0.059306
UHF0132	Hot therapeutic	CHP04861	0.119993
UHF0132	Dry therapeutic	CHP04861	0.120622
UHF0132	CHP00608	CHP04861	0.005333
UHF0132	CHP02023	CHP04861	0.006193
UHF0132	CHP02305	CHP04861	0.012764
UHF0132	CHP02756	CHP04861	0.01389
UHF0132	CHP06224	CHP04861	0.039
UHF0132	CHP06256	CHP04861	0.006471
UHF0132	CHP06320	CHP04861	0.009363
UHF0132	Moist therapeutic	CHP04861	0.030108
UHF0132	CHP03013	CHP04861	0.015168
UHF0132	CHP03120	CHP04861	0.056305
UHF0132	CHP04065	CHP04861	0.016778
UHF0132	CHP00308	CHP05255	0.045623
UHF0132	CHP00997	CHP05255	0.016216
UHF0132	CHP01690	CHP05255	0.03273
UHF0132	CHP01757	CHP05255	0.098299
UHF0132	CHP01771	CHP05255	0.019298
UHF0132	CHP02685	CHP05255	0.036134
UHF0132	CHP02750	CHP05255	0.026916
UHF0132	CHP03999	CHP05255	0.0312
UHF0132	CHP04258	CHP05255	0.013436
UHF0132	CHP04861	CHP05255	0.034014
UHF0132	CHP05255	CHP05255	0.051758
UHF0132	CHP06210	CHP05255	0.016172
UHF0132	Cold therapeutic	CHP05255	0.14085
UHF0132	Hot therapeutic	CHP05255	0.069797
UHF0132	Dry therapeutic	CHP05255	0.120206
UHF0132	CHP00608	CHP05255	0.02835
UHF0132	CHP02023	CHP05255	0.015101
UHF0132	CHP02305	CHP05255	0.015632
UHF0132	CHP02756	CHP05255	0.016621
UHF0132	CHP06224	CHP05255	0.040187
UHF0132	CHP06256	CHP05255	0.030577
UHF0132	CHP06320	CHP05255	0.023093
UHF0132	Moist therapeutic	CHP05255	0.034546
UHF0132	CHP03013	CHP05255	0.007066
UHF0132	CHP03120	CHP05255	0.02865
UHF0132	CHP04065	CHP05255	0.00758
UHF0132	CHP00308	CHP06210	0.026586
UHF0132	CHP00997	CHP06210	0.025802
UHF0132	CHP01690	CHP06210	0.050179
UHF0132	CHP01757	CHP06210	0.149758
UHF0132	CHP01771	CHP06210	0.031959
UHF0132	CHP02685	CHP06210	0.020819
UHF0132	CHP02750	CHP06210	0.016624
UHF0132	CHP03999	CHP06210	0.018145
UHF0132	CHP04258	CHP06210	0.022381
UHF0132	CHP04861	CHP06210	0.052844
UHF0132	CHP05255	CHP06210	0.02419
UHF0132	CHP06210	CHP06210	0.037206
UHF0132	Cold therapeutic	CHP06210	0.060677
UHF0132	Hot therapeutic	CHP06210	0.125667
UHF0132	Dry therapeutic	CHP06210	0.126104
UHF0132	CHP00608	CHP06210	0.005447
UHF0132	CHP02023	CHP06210	0.006337
UHF0132	CHP02305	CHP06210	0.01269
UHF0132	CHP02756	CHP06210	0.013816
UHF0132	CHP06224	CHP06210	0.038333
UHF0132	CHP06256	CHP06210	0.00661
UHF0132	CHP06320	CHP06210	0.009581
UHF0132	Moist therapeutic	CHP06210	0.030511
UHF0132	CHP03013	CHP06210	0.015085
UHF0132	CHP03120	CHP06210	0.056048
UHF0132	CHP04065	CHP06210	0.016722
UHF0132	CHP00308	CHP06224	0.031384
UHF0132	CHP00997	CHP06224	0.015131
UHF0132	CHP01690	CHP06224	0.031332
UHF0132	CHP01757	CHP06224	0.094474
UHF0132	CHP01771	CHP06224	0.017709
UHF0132	CHP02685	CHP06224	0.026006
UHF0132	CHP02750	CHP06224	0.018316
UHF0132	CHP03999	CHP06224	0.022089
UHF0132	CHP04258	CHP06224	0.012555
UHF0132	CHP04861	CHP06224	0.032285
UHF0132	CHP05255	CHP06224	0.026426
UHF0132	CHP06210	CHP06224	0.015001
UHF0132	Cold therapeutic	CHP06224	0.125994
UHF0132	Hot therapeutic	CHP06224	0.098743
UHF0132	Dry therapeutic	CHP06224	0.082204
UHF0132	CHP00608	CHP06224	0.02647
UHF0132	CHP02023	CHP06224	0.016255
UHF0132	CHP02305	CHP06224	0.019388
UHF0132	CHP02756	CHP06224	0.020886
UHF0132	CHP06224	CHP06224	0.070821
UHF0132	CHP06256	CHP06224	0.028429
UHF0132	CHP06320	CHP06224	0.024389
UHF0132	Moist therapeutic	CHP06224	0.049199
UHF0132	CHP03013	CHP06224	0.015842
UHF0132	CHP03120	CHP06224	0.061264
UHF0132	CHP04065	CHP06224	0.017491
UHF0132	CHP00308	CHP06256	0.045853
UHF0132	CHP00997	CHP06256	0.005216
UHF0132	CHP01690	CHP06256	0.012018
UHF0132	CHP01757	CHP06256	0.036785
UHF0132	CHP01771	CHP06256	0.005411
UHF0132	CHP02685	CHP06256	0.038564
UHF0132	CHP02750	CHP06256	0.026003
UHF0132	CHP03999	CHP06256	0.03254
UHF0132	CHP04258	CHP06256	0.003789
UHF0132	CHP04861	CHP06256	0.011942
UHF0132	CHP05255	CHP06256	0.03718
UHF0132	CHP06210	CHP06256	0.00504
UHF0132	Cold therapeutic	CHP06256	0.223885
UHF0132	Hot therapeutic	CHP06256	0.040494
UHF0132	Dry therapeutic	CHP06256	0.070235
UHF0132	CHP00608	CHP06256	0.041117
UHF0132	CHP02023	CHP06256	0.022209
UHF0132	CHP02305	CHP06256	0.020832
UHF0132	CHP02756	CHP06256	0.022017
UHF0132	CHP06224	CHP06256	0.050335
UHF0132	CHP06256	CHP06256	0.127354
UHF0132	CHP06320	CHP06256	0.03422
UHF0132	Moist therapeutic	CHP06256	0.046032
UHF0132	CHP03013	CHP06256	0.006453
UHF0132	CHP03120	CHP06256	0.027559
UHF0132	CHP04065	CHP06256	0.006935
UHF0132	CHP02023	CHP06320	0.031256
UHF0132	CHP03013	CHP06320	0.027759
UHF0132	CHP03120	CHP06320	0.113019
UHF0132	CHP04065	CHP06320	0.031095
UHF0132	CHP06320	CHP06320	0.056032
UHF0132	Cold therapeutic	CHP06320	0.156301
UHF0132	Hot therapeutic	CHP06320	0.0788
UHF0132	Moist therapeutic	CHP06320	0.101523
UHF0132	CHP00308	CHP06320	0.030075
UHF0132	CHP00608	CHP06320	0.027491
UHF0132	CHP02305	CHP06320	0.015436
UHF0132	CHP02685	CHP06320	0.024596
UHF0132	CHP02750	CHP06320	0.017129
UHF0132	CHP02756	CHP06320	0.016518
UHF0132	CHP03999	CHP06320	0.020969
UHF0132	CHP05255	CHP06320	0.024229
UHF0132	CHP06224	CHP06320	0.039617
UHF0132	CHP06256	CHP06320	0.029332
UHF0132	Dry therapeutic	CHP06320	0.055838
UHF0132	CHP00997	CHP06320	0.006772
UHF0132	CHP01690	CHP06320	0.015299
UHF0132	CHP01757	CHP06320	0.046761
UHF0132	CHP01771	CHP06320	0.007172
UHF0132	CHP04258	CHP06320	0.005129
UHF0132	CHP04861	CHP06320	0.015342
UHF0132	CHP06210	CHP06320	0.006585
UHF0132	Dry therapeutic	Cold therapeutic	0.098849
UHF0132	Cold therapeutic	Cold therapeutic	0.179362
UHF0132	CHP00308	Cold therapeutic	0.040675
UHF0132	Hot therapeutic	Cold therapeutic	0.081453
UHF0132	CHP00997	Cold therapeutic	0.010351
UHF0132	CHP01690	Cold therapeutic	0.020084
UHF0132	CHP01757	Cold therapeutic	0.060115
UHF0132	CHP01771	Cold therapeutic	0.01246
UHF0132	CHP02685	Cold therapeutic	0.031161
UHF0132	CHP02750	Cold therapeutic	0.023227
UHF0132	CHP03999	Cold therapeutic	0.027415
UHF0132	CHP04258	Cold therapeutic	0.009016
UHF0132	CHP04861	Cold therapeutic	0.021142
UHF0132	CHP05255	Cold therapeutic	0.032048
UHF0132	CHP06210	Cold therapeutic	0.010466
UHF0132	CHP00608	Cold therapeutic	0.040482
UHF0132	CHP02023	Cold therapeutic	0.021296
UHF0132	CHP02305	Cold therapeutic	0.0174
UHF0132	CHP02756	Cold therapeutic	0.018864
UHF0132	CHP06224	Cold therapeutic	0.042485
UHF0132	CHP06256	Cold therapeutic	0.038095
UHF0132	CHP06320	Cold therapeutic	0.030949
UHF0132	Moist therapeutic	Cold therapeutic	0.056316
UHF0132	CHP03013	Cold therapeutic	0.012337
UHF0132	CHP03120	Cold therapeutic	0.050399
UHF0132	CHP04065	Cold therapeutic	0.013614
UHF0132	Dry therapeutic	Dry therapeutic	0.146625
UHF0132	Cold therapeutic	Dry therapeutic	0.108147
UHF0132	CHP00308	Dry therapeutic	0.038638
UHF0132	Hot therapeutic	Dry therapeutic	0.11325
UHF0132	CHP00997	Dry therapeutic	0.021956
UHF0132	CHP01690	Dry therapeutic	0.039063
UHF0132	CHP01757	Dry therapeutic	0.114692
UHF0132	CHP01771	Dry therapeutic	0.028231
UHF0132	CHP02685	Dry therapeutic	0.028412
UHF0132	CHP02750	Dry therapeutic	0.022726
UHF0132	CHP03999	Dry therapeutic	0.025425
UHF0132	CHP04258	Dry therapeutic	0.020183
UHF0132	CHP04861	Dry therapeutic	0.042459
UHF0132	CHP05255	Dry therapeutic	0.031428
UHF0132	CHP06210	Dry therapeutic	0.022586
UHF0132	CHP00608	Dry therapeutic	0.014027
UHF0132	CHP02023	Dry therapeutic	0.009205
UHF0132	CHP02305	Dry therapeutic	0.012427
UHF0132	CHP02756	Dry therapeutic	0.013544
UHF0132	CHP06224	Dry therapeutic	0.033269
UHF0132	CHP06256	Dry therapeutic	0.015194
UHF0132	CHP06320	Dry therapeutic	0.013818
UHF0132	Moist therapeutic	Dry therapeutic	0.0292
UHF0132	CHP03013	Dry therapeutic	0.009339
UHF0132	CHP03120	Dry therapeutic	0.035813
UHF0132	CHP04065	Dry therapeutic	0.010242
UHF0132	Dry therapeutic	Hot therapeutic	0.109809
UHF0132	Cold therapeutic	Hot therapeutic	0.083103
UHF0132	CHP00308	Hot therapeutic	0.018883
UHF0132	Hot therapeutic	Hot therapeutic	0.1475
UHF0132	CHP00997	Hot therapeutic	0.021272
UHF0132	CHP01690	Hot therapeutic	0.038128
UHF0132	CHP01757	Hot therapeutic	0.111963
UHF0132	CHP01771	Hot therapeutic	0.027331
UHF0132	CHP02685	Hot therapeutic	0.01458
UHF0132	CHP02750	Hot therapeutic	0.011588
UHF0132	CHP03999	Hot therapeutic	0.012831
UHF0132	CHP04258	Hot therapeutic	0.019848
UHF0132	CHP04861	Hot therapeutic	0.041233
UHF0132	CHP05255	Hot therapeutic	0.016369
UHF0132	CHP06210	Hot therapeutic	0.021866
UHF0132	CHP00608	Hot therapeutic	0.006981
UHF0132	CHP02023	Hot therapeutic	0.012006
UHF0132	CHP02305	Hot therapeutic	0.014564
UHF0132	CHP02756	Hot therapeutic	0.016167
UHF0132	CHP06224	Hot therapeutic	0.040149
UHF0132	CHP06256	Hot therapeutic	0.007685
UHF0132	CHP06320	Hot therapeutic	0.016864
UHF0132	Moist therapeutic	Hot therapeutic	0.056023
UHF0132	CHP03013	Hot therapeutic	0.022582
UHF0132	CHP03120	Hot therapeutic	0.085388
UHF0132	CHP04065	Hot therapeutic	0.025462
UHF0132	Moist therapeutic	Moist therapeutic	0.110026
UHF0132	Cold therapeutic	Moist therapeutic	0.122011
UHF0132	CHP02023	Moist therapeutic	0.030671
UHF0132	Hot therapeutic	Moist therapeutic	0.11029
UHF0132	CHP03013	Moist therapeutic	0.03455
UHF0132	CHP03120	Moist therapeutic	0.135342
UHF0132	CHP04065	Moist therapeutic	0.039256
UHF0132	CHP06320	Moist therapeutic	0.042501
UHF0132	CHP00308	Moist therapeutic	0.019153
UHF0132	CHP00608	Moist therapeutic	0.015824
UHF0132	CHP02305	Moist therapeutic	0.01356
UHF0132	CHP02685	Moist therapeutic	0.015828
UHF0132	CHP02750	Moist therapeutic	0.01111
UHF0132	CHP02756	Moist therapeutic	0.01473
UHF0132	CHP03999	Moist therapeutic	0.013493
UHF0132	CHP05255	Moist therapeutic	0.015865
UHF0132	CHP06224	Moist therapeutic	0.036938
UHF0132	CHP06256	Moist therapeutic	0.017055
UHF0132	Dry therapeutic	Moist therapeutic	0.055081
UHF0132	CHP00997	Moist therapeutic	0.010197
UHF0132	CHP01690	Moist therapeutic	0.020982
UHF0132	CHP01757	Moist therapeutic	0.063271
UHF0132	CHP01771	Moist therapeutic	0.011885
UHF0132	CHP04258	Moist therapeutic	0.008636
UHF0132	CHP04861	Moist therapeutic	0.021654
UHF0132	CHP06210	Moist therapeutic	0.010155
