CPM_ID	TCMT_ID
UHF0001	TCMT01834
UHF0002	TCMT01941
UHF0003	TCMT01941
UHF0005	TCMT01938
UHF0005	TCMT01941
UHF0006	TCMT01938
UHF0006	TCMT01940
UHF0009	TCMT01938
UHF0009	TCMT02184
UHF0010	TCMT01941
UHF0012	TCMT01939
UHF0013	TCMT01939
UHF0016	TCMT01941
UHF0018	TCMT01941
UHF0018	TCMT02190
UHF0021	TCMT00383
UHF0021	TCMT01941
UHF0023	TCMT01941
UHF0025	TCMT01938
UHF0026	TCMT01938
UHF0027	TCMT01941
UHF0028	TCMT01941
UHF0029	TCMT01938
UHF0031	TCMT01941
UHF0032	TCMT01941
UHF0033	TCMT01941
UHF0036	TCMT01941
UHF0042	TCMT02061
UHF0045	TCMT02180
UHF0047	TCMT02180
UHF0048	TCMT01938
UHF0049	TCMT01938
UHF0050	TCMT02180
UHF0052	TCMT01941
UHF0057	TCMT02180
UHF0058	TCMT01939
UHF0058	TCMT01938
UHF0061	TCMT01939
UHF0062	TCMT01939
UHF0062	TCMT02184
UHF0063	TCMT02061
UHF0063	TCMT02120
UHF0065	TCMT01939
UHF0067	TCMT01938
UHF0068	TCMT00509
UHF0069	TCMT01939
UHF0069	TCMT02070
UHF0070	TCMT01939
UHF0071	TCMT01939
UHF0071	TCMT01938
UHF0073	TCMT01938
UHF0078	TCMT01938
UHF0079	TCMT02036
UHF0082	TCMT01939
UHF0082	TCMT01938
UHF0082	TCMT00433
UHF0084	TCMT01939
UHF0088	TCMT01938
UHF0088	TCMT01817
UHF0089	TCMT01939
UHF0089	TCMT01938
UHF0090	TCMT01939
UHF0090	TCMT01938
UHF0091	TCMT01938
UHF0092	TCMT01941
UHF0095	TCMT01939
UHF0095	TCMT01938
UHF0096	TCMT01938
UHF0096	TCMT01939
UHF0096	TCMT01827
UHF0097	TCMT01938
UHF0097	TCMT01939
UHF0097	TCMT01827
UHF0098	TCMT00383
UHF0099	TCMT01939
UHF0100	TCMT02180
UHF0100	TCMT01817
UHF0102	TCMT01941
UHF0102	TCMT01940
UHF0106	TCMT02036
UHF0108	TCMT01939
UHF0109	TCMT01940
UHF0110	TCMT01939
UHF0110	TCMT01938
UHF0111	TCMT01939
UHF0112	TCMT01938
UHF0112	TCMT01939
UHF0114	TCMT00503
UHF0118	TCMT01938
UHF0122	TCMT01938
UHF0124	TCMT01938
UHF0124	TCMT01940
UHF0124	TCMT02120
UHF0130	TCMT01939
UHF0130	TCMT01938
UHF0132	TCMT01940
UHF0132	TCMT01938
UHF0135	TCMT02097
UHF0136	TCMT00433
UHF0137	TCMT01836
UHF0138	TCMT01941
UHF0139	TCMT02120
UHF0140	TCMT01941
UHF0140	TCMT01870
UHF0142	TCMT01938
UHF0143	TCMT02027
UHF0143	TCMT01941
UHF0143	TCMT01939
UHF0144	TCMT01939
UHF0144	TCMT00383
UHF0144	TCMT01941
UHF0145	TCMT02180
UHF0146	TCMT00433
UHF0147	TCMT00383
UHF0147	TCMT01941
UHF0149	TCMT00383
UHF0150	TCMT00383
UHF0151	TCMT02180
UHF0151	TCMT02027
UHF0151	TCMT00383
UHF0151	TCMT01941
UHF0152	TCMT01938
UHF0152	TCMT01941
UHF0153	TCMT00503
UHF0154	TCMT01836
UHF0154	TCMT02035
UHF0157	TCMT01939
UHF0157	TCMT00383
UHF0157	TCMT01940
UHF0158	TCMT02036
UHF0159	TCMT01939
UHF0160	TCMT01941
UHF0160	TCMT00355
UHF0161	TCMT01941
UHF0164	TCMT02061
UHF0168	TCMT01941
UHF0169	TCMT01938
UHF0169	TCMT02180
UHF0171	TCMT01940
UHF0172	TCMT00383
UHF0172	TCMT01941
UHF0173	TCMT01939
UHF0173	TCMT01940
UHF0173	TCMT02120
UHF0174	TCMT01940
UHF0176	TCMT00433
UHF0179	TCMT02036
UHF0180	TCMT00383
UHF0180	TCMT01941
UHF0180	TCMT02120
UHF0181	TCMT01939
UHF0182	TCMT02180
UHF0182	TCMT02119
UHF0182	TCMT02027
UHF0182	TCMT00383
UHF0182	TCMT01941
UHF0182	TCMT01817
UHF0182	TCMT01940
UHF0185	TCMT02120
UHF0189	TCMT01941
UHF0189	TCMT01940
UHF0189	TCMT01938
UHF0190	TCMT01870
UHF0193	TCMT01941
UHF0195	TCMT01941
UHF0196	TCMT00433
UHF0197	TCMT01870
UHF0198	TCMT01941
UHF0199	TCMT01941
UHF0200	TCMT01941
UHF0201	TCMT00383
UHF0201	TCMT01940
UHF0201	TCMT01941
UHF0202	TCMT00383
UHF0202	TCMT01940
UHF0202	TCMT01941
UHF0203	TCMT00383
UHF0203	TCMT01940
UHF0203	TCMT01941
UHF0204	TCMT01940
UHF0205	TCMT01940
UHF0207	TCMT01911
UHF0209	TCMT01938
UHF0209	TCMT01939
UHF0209	TCMT02104
UHF0211	TCMT01817
UHF0212	TCMT02061
UHF0213	TCMT01938
UHF0214	TCMT01940
UHF0214	TCMT01941
UHF0214	TCMT00383
UHF0216	TCMT01940
UHF0217	TCMT01941
UHF0218	TCMT01939
UHF0218	TCMT01938
UHF0219	TCMT01938
UHF0219	TCMT01939
UHF0220	TCMT01939
UHF0220	TCMT01938
UHF0221	TCMT01939
UHF0221	TCMT01938
UHF0222	TCMT01938
UHF0222	TCMT01939
UHF0223	TCMT02027
UHF0223	TCMT02180
UHF0223	TCMT01939
UHF0224	TCMT01939
UHF0224	TCMT01938
UHF0230	TCMT01940
UHF0232	TCMT01939
UHF0232	TCMT02184
UHF0232	TCMT02070
UHF0234	TCMT01939
UHF0234	TCMT02120
UHF0235	TCMT02061
UHF0235	TCMT02180
UHF0236	TCMT02027
UHF0236	TCMT02180
UHF0237	TCMT02199
UHF0237	TCMT01817
UHF0238	TCMT02036
UHF0238	TCMT02061
UHF0240	TCMT01940
UHF0241	TCMT01938
UHF0241	TCMT00509
UHF0242	TCMT01938
UHF0242	TCMT01939
UHF0243	TCMT01939
UHF0244	TCMT02120
UHF0245	TCMT02036
UHF0245	TCMT02180
UHF0245	TCMT02183
UHF0246	TCMT02120
UHF0246	TCMT01938
UHF0246	TCMT01939
UHF0247	TCMT00392
UHF0247	TCMT00441
UHF0248	TCMT01940
UHF0248	TCMT01939
UHF0249	TCMT01829
UHF0252	TCMT01918
UHF0252	TCMT02120
UHF0253	TCMT01939
UHF0253	TCMT01938
UHF0254	TCMT01939
UHF0257	TCMT00501
UHF0257	TCMT00503
UHF0259	TCMT01939
UHF0261	TCMT02120
UHF0262	TCMT02120
UHF0263	TCMT01938
UHF0263	TCMT01939
UHF0264	TCMT01939
UHF0265	TCMT01939
UHF0267	TCMT01939
UHF0268	TCMT01941
UHF0269	TCMT01940
UHF0270	TCMT00383
UHF0270	TCMT01941
UHF0270	TCMT01940
UHF0271	TCMT01939
UHF0271	TCMT01938
UHF0273	TCMT01941
UHF0274	TCMT01837
UHF0275	TCMT01941
UHF0276	TCMT01938
UHF0280	TCMT00383
UHF0280	TCMT01941
UHF0280	TCMT01940
UHF0281	TCMT01938
UHF0282	TCMT01938
UHF0284	TCMT01938
UHF0284	TCMT01939
UHF0286	TCMT01939
UHF0287	TCMT01940
UHF0287	TCMT02180
UHF0288	TCMT02180
UHF0289	TCMT00509
UHF0290	TCMT01938
UHF0291	TCMT01938
UHF0291	TCMT01939
UHF0292	TCMT01938
UHF0292	TCMT01939
UHF0294	TCMT01939
UHF0295	TCMT01939
UHF0295	TCMT00383
UHF0295	TCMT02180
UHF0295	TCMT02027
UHF0296	TCMT01939
UHF0297	TCMT02180
UHF0299	TCMT01938
UHF0299	TCMT01939
UHF0300	TCMT02120
UHF0301	TCMT01938
UHF0301	TCMT00509
UHF0302	TCMT01940
UHF0303	TCMT02180
UHF0303	TCMT02027
UHF0303	TCMT00383
UHF0303	TCMT01940
UHF0303	TCMT01941
UHF0303	TCMT01817
UHF0305	TCMT00383
UHF0305	TCMT01941
UHF0306	TCMT01938
UHF0307	TCMT01940
UHF0307	TCMT00383
UHF0307	TCMT01941
UHF0309	TCMT01941
UHF0310	TCMT01940
UHF0310	TCMT02120
UHF0313	TCMT01938
UHF0313	TCMT02184
UHF0316	TCMT00503
UHF0317	TCMT01938
UHF0317	TCMT02120
UHF0317	TCMT01939
UHF0318	TCMT00383
UHF0318	TCMT00433
UHF0319	TCMT01938
UHF0319	TCMT01939
UHF0320	TCMT01939
UHF0320	TCMT01938
UHF0322	TCMT02061
UHF0322	TCMT00509
UHF0323	TCMT01938
UHF0323	TCMT01939
UHF0324	TCMT01939
UHF0326	TCMT02027
UHF0327	TCMT00509
UHF0328	TCMT01939
UHF0328	TCMT01938
UHF0329	TCMT01938
UHF0329	TCMT01941
UHF0329	TCMT01939
UHF0330	TCMT01939
UHF0330	TCMT01938
UHF0330	TCMT00509
UHF0331	TCMT01938
UHF0332	TCMT01938
UHF0334	TCMT01940
UHF0335	TCMT01940
UHF0336	TCMT01938
UHF0336	TCMT01940
UHF0337	TCMT01938
UHF0337	TCMT01940
UHF0338	TCMT00383
UHF0338	TCMT01940
UHF0338	TCMT01941
UHF0339	TCMT01938
UHF0339	TCMT01940
UHF0340	TCMT01938
UHF0340	TCMT01940
UHF0341	TCMT01923
UHF0341	TCMT00383
UHF0341	TCMT01941
UHF0342	TCMT01834
UHF0343	TCMT01939
UHF0346	TCMT01939
UHF0347	TCMT02180
UHF0347	TCMT01817
UHF0350	TCMT02120
UHF0351	TCMT01938
UHF0351	TCMT01939
UHF0352	TCMT01939
UHF0352	TCMT00503
UHF0353	TCMT00383
UHF0353	TCMT01941
UHF0353	TCMT02120
UHF0354	TCMT01938
UHF0355	TCMT01938
UHF0355	TCMT00509
UHF0355	TCMT02199
UHF0356	TCMT01938
UHF0357	TCMT01940
UHF0359	TCMT01923
UHF0360	TCMT01941
UHF0361	TCMT01940
UHF0363	TCMT01939
UHF0363	TCMT00383
UHF0363	TCMT01940
UHF0363	TCMT02120
UHF0363	TCMT01941
UHF0365	TCMT02036
UHF0366	TCMT02027
UHF0366	TCMT02120
UHF0367	TCMT01911
UHF0367	TCMT01939
UHF0368	TCMT01939
UHF0368	TCMT01938
UHF0370	TCMT01941
UHF0371	TCMT01940
UHF0371	TCMT01941
UHF0371	TCMT00383
UHF0372	TCMT01939
UHF0372	TCMT01940
UHF0373	TCMT01939
UHF0373	TCMT01938
UHF0373	TCMT01940
UHF0374	TCMT01939
UHF0379	TCMT02036
UHF0379	TCMT02180
UHF0380	TCMT01941
UHF0380	TCMT00383
UHF0380	TCMT02120
UHF0381	TCMT02061
UHF0381	TCMT02120
UHF0381	TCMT02180
UHF0382	TCMT02036
UHF0384	TCMT01836
UHF0385	TCMT01941
UHF0389	TCMT02180
UHF0389	TCMT01817
UHF0389	TCMT02120
UHF0390	TCMT02037
UHF0390	TCMT02180
UHF0391	TCMT02061
UHF0392	TCMT01870
UHF0393	TCMT02120
UHF0393	TCMT02180
UHF0396	TCMT02027
UHF0398	TCMT02036
UHF0401	TCMT00383
UHF0401	TCMT01941
UHF0401	TCMT01940
UHF0402	TCMT01941
UHF0403	TCMT01939
UHF0403	TCMT01938
UHF0406	TCMT01939
UHF0411	TCMT01941
UHF0422	TCMT00433
UHF0423	TCMT00433
UHF0429	TCMT00383
UHF0429	TCMT01941
UHF0429	TCMT01940
UHF0430	TCMT00383
UHF0430	TCMT01941
UHF0430	TCMT01940
UHF0436	TCMT01939
UHF0436	TCMT01938
UHF0438	TCMT01938
UHF0439	TCMT02027
UHF0439	TCMT01817
UHF0439	TCMT00383
UHF0440	TCMT02027
UHF0440	TCMT02180
UHF0441	TCMT01939
UHF0441	TCMT01940
UHF0442	TCMT01940
UHF0444	TCMT01939
UHF0445	TCMT01941
UHF0448	TCMT01938
UHF0451	TCMT01941
UHF0455	TCMT01940
UHF0468	TCMT01939
UHF0468	TCMT01938
UHF0470	TCMT01938
UHF0471	TCMT01938
UHF0471	TCMT01940
UHF0472	TCMT01939
UHF0472	TCMT01938
UHF0475	TCMT01941
UHF0475	TCMT02120
UHF0477	TCMT00383
UHF0477	TCMT01941
UHF0477	TCMT01940
UHF0478	TCMT00383
UHF0479	TCMT01941
UHF0480	TCMT01939
UHF0001	TCMT02534
UHF0001	TCMT02576
UHF0001	TCMT00067
UHF0002	TCMT00222
UHF0002	TCMT02397
UHF0003	TCMT02245
UHF0003	TCMT00159
UHF0003	TCMT02446
UHF0004	TCMT02245
UHF0004	TCMT02670
UHF0004	TCMT02375
UHF0004	TCMT02319
UHF0005	TCMT02245
UHF0005	TCMT02446
UHF0006	TCMT00276
UHF0006	TCMT02635
UHF0007	TCMT02734
UHF0007	TCMT02320
UHF0009	TCMT00319
UHF0009	TCMT00053
UHF0010	TCMT02245
UHF0010	TCMT02576
UHF0010	TCMT02446
UHF0012	TCMT02446
UHF0014	TCMT02246
UHF0014	TCMT00173
UHF0014	TCMT00240
UHF0015	TCMT02534
UHF0015	TCMT02648
UHF0016	TCMT02245
UHF0016	TCMT02446
UHF0017	TCMT02245
UHF0017	TCMT00238
UHF0017	TCMT00173
UHF0018	TCMT02245
UHF0018	TCMT00238
UHF0019	TCMT00201
UHF0020	TCMT00201
UHF0022	TCMT02245
UHF0022	TCMT00222
UHF0022	TCMT02375
UHF0022	TCMT02320
UHF0022	TCMT00326
UHF0023	TCMT02245
UHF0023	TCMT00222
UHF0023	TCMT00159
UHF0023	TCMT02576
UHF0024	TCMT02375
UHF0024	TCMT02318
UHF0024	TCMT00053
UHF0025	TCMT00237
UHF0025	TCMT02276
UHF0026	TCMT02247
UHF0026	TCMT02320
UHF0026	TCMT02748
UHF0026	TCMT00297
UHF0027	TCMT02245
UHF0028	TCMT02245
UHF0028	TCMT00222
UHF0028	TCMT02318
UHF0029	TCMT02247
UHF0029	TCMT02534
UHF0029	TCMT02318
UHF0030	TCMT02375
UHF0030	TCMT02509
UHF0031	TCMT02245
UHF0031	TCMT02320
UHF0032	TCMT02245
UHF0032	TCMT02576
UHF0032	TCMT00206
UHF0032	TCMT02446
UHF0033	TCMT02245
UHF0033	TCMT02576
UHF0033	TCMT02446
UHF0034	TCMT02245
UHF0034	TCMT00238
UHF0034	TCMT00173
UHF0035	TCMT00201
UHF0036	TCMT02245
UHF0036	TCMT02320
UHF0037	TCMT02248
UHF0037	TCMT00240
UHF0037	TCMT00173
UHF0038	TCMT02246
UHF0038	TCMT00240
UHF0038	TCMT00173
UHF0039	TCMT02248
UHF0039	TCMT00240
UHF0039	TCMT02442
UHF0039	TCMT02534
UHF0039	TCMT00173
UHF0040	TCMT02375
UHF0040	TCMT02509
UHF0041	TCMT02648
UHF0042	TCMT02245
UHF0042	TCMT00222
UHF0042	TCMT00068
UHF0043	TCMT02534
UHF0044	TCMT00326
UHF0045	TCMT02245
UHF0045	TCMT02413
UHF0046	TCMT02375
UHF0046	TCMT00222
UHF0047	TCMT02245
UHF0047	TCMT02406
UHF0047	TCMT00222
UHF0048	TCMT02247
UHF0048	TCMT00222
UHF0048	TCMT02534
UHF0048	TCMT02442
UHF0049	TCMT02247
UHF0049	TCMT02671
UHF0049	TCMT00222
UHF0050	TCMT02671
UHF0050	TCMT02260
UHF0050	TCMT00128
UHF0051	TCMT00201
UHF0051	TCMT02748
UHF0052	TCMT02245
UHF0052	TCMT02320
UHF0052	TCMT02442
UHF0053	TCMT00222
UHF0053	TCMT00326
UHF0054	TCMT00222
UHF0054	TCMT00326
UHF0055	TCMT02516
UHF0055	TCMT02545
UHF0055	TCMT02576
UHF0056	TCMT02248
UHF0056	TCMT02516
UHF0056	TCMT02576
UHF0057	TCMT02246
UHF0057	TCMT00196
UHF0057	TCMT02516
UHF0058	TCMT02534
UHF0058	TCMT02576
UHF0058	TCMT00192
UHF0058	TCMT00068
UHF0059	TCMT02248
UHF0059	TCMT02442
UHF0059	TCMT00196
UHF0059	TCMT02516
UHF0060	TCMT02534
UHF0061	TCMT02648
UHF0061	TCMT02526
UHF0061	TCMT02375
UHF0062	TCMT02248
UHF0062	TCMT02375
UHF0062	TCMT02543
UHF0062	TCMT02526
UHF0063	TCMT02246
UHF0063	TCMT00205
UHF0063	TCMT02595
UHF0063	TCMT02259
UHF0064	TCMT02516
UHF0064	TCMT02264
UHF0065	TCMT02248
UHF0065	TCMT00173
UHF0065	TCMT02576
UHF0065	TCMT02534
UHF0065	TCMT02748
UHF0065	TCMT00129
UHF0066	TCMT02516
UHF0066	TCMT02748
UHF0067	TCMT02247
UHF0067	TCMT02568
UHF0067	TCMT02534
UHF0068	TCMT02247
UHF0068	TCMT02568
UHF0069	TCMT02534
UHF0069	TCMT02576
UHF0070	TCMT02576
UHF0070	TCMT02534
UHF0070	TCMT00238
UHF0071	TCMT02534
UHF0073	TCMT02245
UHF0073	TCMT02568
UHF0073	TCMT00173
UHF0075	TCMT02648
UHF0075	TCMT00286
UHF0076	TCMT00164
UHF0077	TCMT02246
UHF0077	TCMT00222
UHF0077	TCMT00164
UHF0078	TCMT02247
UHF0078	TCMT02568
UHF0078	TCMT02534
UHF0079	TCMT02245
UHF0079	TCMT02406
UHF0079	TCMT02320
UHF0080	TCMT02375
UHF0080	TCMT00222
UHF0081	TCMT02444
UHF0082	TCMT00222
UHF0082	TCMT02748
UHF0083	TCMT00276
UHF0084	TCMT02248
UHF0084	TCMT00053
UHF0084	TCMT02440
UHF0085	TCMT02748
UHF0087	TCMT02748
UHF0088	TCMT02248
UHF0088	TCMT02648
UHF0088	TCMT02534
UHF0088	TCMT00068
UHF0089	TCMT02648
UHF0089	TCMT02534
UHF0090	TCMT02247
UHF0091	TCMT02247
UHF0091	TCMT02568
UHF0091	TCMT02534
UHF0092	TCMT02245
UHF0092	TCMT00054
UHF0092	TCMT02279
UHF0092	TCMT02748
UHF0095	TCMT02534
UHF0095	TCMT02576
UHF0099	TCMT02534
UHF0099	TCMT02648
UHF0100	TCMT00187
UHF0102	TCMT00159
UHF0102	TCMT00222
UHF0103	TCMT02442
UHF0103	TCMT00222
UHF0103	TCMT02648
UHF0103	TCMT00278
UHF0104	TCMT00053
UHF0104	TCMT02748
UHF0105	TCMT02245
UHF0105	TCMT02375
UHF0105	TCMT00222
UHF0105	TCMT00159
UHF0106	TCMT02245
UHF0106	TCMT00205
UHF0106	TCMT02320
UHF0107	TCMT02248
UHF0107	TCMT02534
UHF0108	TCMT00286
UHF0110	TCMT02248
UHF0110	TCMT02375
UHF0110	TCMT02576
UHF0110	TCMT00053
UHF0111	TCMT02375
UHF0111	TCMT02534
UHF0111	TCMT02446
UHF0112	TCMT02375
UHF0114	TCMT02245
UHF0114	TCMT00205
UHF0118	TCMT00050
UHF0118	TCMT02375
UHF0119	TCMT02375
UHF0119	TCMT02509
UHF0120	TCMT02509
UHF0121	TCMT02509
UHF0122	TCMT02375
UHF0123	TCMT02444
UHF0123	TCMT02440
UHF0124	TCMT02442
UHF0124	TCMT00068
UHF0125	TCMT02375
UHF0125	TCMT02509
UHF0125	TCMT02446
UHF0126	TCMT02648
UHF0126	TCMT00286
UHF0127	TCMT02576
UHF0127	TCMT00222
UHF0127	TCMT02444
UHF0128	TCMT00270
UHF0129	TCMT02375
UHF0129	TCMT02509
UHF0129	TCMT02446
UHF0130	TCMT02375
UHF0130	TCMT02534
UHF0130	TCMT02446
UHF0132	TCMT02446
UHF0133	TCMT02446
UHF0134	TCMT02247
UHF0134	TCMT02534
UHF0134	TCMT02318
UHF0136	TCMT02246
UHF0136	TCMT00080
UHF0136	TCMT02375
UHF0137	TCMT02245
UHF0137	TCMT02442
UHF0137	TCMT02320
UHF0137	TCMT00206
UHF0138	TCMT02245
UHF0140	TCMT02245
UHF0140	TCMT02320
UHF0142	TCMT02534
UHF0142	TCMT02442
UHF0143	TCMT02246
UHF0143	TCMT00173
UHF0143	TCMT02251
UHF0143	TCMT02421
UHF0144	TCMT02246
UHF0144	TCMT00053
UHF0144	TCMT00173
UHF0145	TCMT02245
UHF0145	TCMT02446
UHF0145	TCMT00206
UHF0145	TCMT02375
UHF0145	TCMT02413
UHF0146	TCMT02245
UHF0146	TCMT02576
UHF0146	TCMT00205
UHF0147	TCMT00196
UHF0147	TCMT00202
UHF0148	TCMT00196
UHF0148	TCMT02516
UHF0150	TCMT00205
UHF0150	TCMT02258
UHF0151	TCMT02260
UHF0151	TCMT02251
UHF0151	TCMT00173
UHF0152	TCMT02245
UHF0152	TCMT00164
UHF0152	TCMT00222
UHF0152	TCMT00159
UHF0152	TCMT02428
UHF0152	TCMT00205
UHF0152	TCMT02625
UHF0153	TCMT02245
UHF0153	TCMT02509
UHF0153	TCMT00205
UHF0154	TCMT02245
UHF0154	TCMT02492
UHF0154	TCMT02413
UHF0155	TCMT02444
UHF0156	TCMT00302
UHF0156	TCMT00307
UHF0157	TCMT02246
UHF0157	TCMT00053
UHF0158	TCMT02245
UHF0158	TCMT00201
UHF0159	TCMT02671
UHF0160	TCMT02245
UHF0160	TCMT00292
UHF0160	TCMT02375
UHF0161	TCMT02245
UHF0161	TCMT00292
UHF0162	TCMT02444
UHF0163	TCMT02245
UHF0163	TCMT02734
UHF0163	TCMT02320
UHF0163	TCMT00201
UHF0164	TCMT02245
UHF0164	TCMT02413
UHF0164	TCMT00201
UHF0165	TCMT02245
UHF0165	TCMT02671
UHF0165	TCMT00302
UHF0166	TCMT02246
UHF0166	TCMT00222
UHF0166	TCMT00164
UHF0168	TCMT02245
UHF0169	TCMT00196
UHF0169	TCMT00326
UHF0170	TCMT02245
UHF0170	TCMT00222
UHF0170	TCMT02444
UHF0170	TCMT02375
UHF0171	TCMT02246
UHF0171	TCMT02671
UHF0172	TCMT00222
UHF0172	TCMT02576
UHF0172	TCMT00173
UHF0172	TCMT02565
UHF0172	TCMT00238
UHF0173	TCMT02748
UHF0174	TCMT02246
UHF0174	TCMT00053
UHF0174	TCMT00222
UHF0175	TCMT02671
UHF0176	TCMT02442
UHF0176	TCMT02375
UHF0177	TCMT02375
UHF0178	TCMT02671
UHF0179	TCMT02245
UHF0179	TCMT00205
UHF0179	TCMT02318
UHF0180	TCMT00205
UHF0180	TCMT00202
UHF0180	TCMT02440
UHF0181	TCMT02320
UHF0182	TCMT02734
UHF0182	TCMT02739
UHF0182	TCMT00201
UHF0182	TCMT02258
UHF0182	TCMT02260
UHF0182	TCMT02251
UHF0182	TCMT00067
UHF0182	TCMT02410
UHF0183	TCMT00201
UHF0185	TCMT02245
UHF0185	TCMT00053
UHF0186	TCMT00201
UHF0186	TCMT02671
UHF0187	TCMT00270
UHF0188	TCMT02245
UHF0188	TCMT02318
UHF0188	TCMT02660
UHF0189	TCMT02395
UHF0190	TCMT02742
UHF0190	TCMT00128
UHF0190	TCMT02648
UHF0191	TCMT02671
UHF0191	TCMT02734
UHF0192	TCMT02245
UHF0192	TCMT02375
UHF0192	TCMT00222
UHF0193	TCMT02245
UHF0194	TCMT02245
UHF0194	TCMT02252
UHF0194	TCMT02320
UHF0195	TCMT02245
UHF0195	TCMT00222
UHF0195	TCMT00053
UHF0196	TCMT02247
UHF0196	TCMT00080
UHF0196	TCMT02375
UHF0197	TCMT00201
UHF0197	TCMT02698
UHF0198	TCMT02245
UHF0198	TCMT02320
UHF0200	TCMT02245
UHF0200	TCMT00159
UHF0200	TCMT00222
UHF0205	TCMT02246
UHF0206	TCMT02245
UHF0206	TCMT02320
UHF0206	TCMT02406
UHF0207	TCMT02245
UHF0207	TCMT02320
UHF0207	TCMT00339
UHF0208	TCMT02245
UHF0209	TCMT02248
UHF0209	TCMT02534
UHF0209	TCMT02451
UHF0209	TCMT02543
UHF0210	TCMT02516
UHF0210	TCMT00083
UHF0212	TCMT02246
UHF0212	TCMT02734
UHF0212	TCMT00201
UHF0214	TCMT02375
UHF0214	TCMT00222
UHF0214	TCMT02446
UHF0215	TCMT00053
UHF0218	TCMT02248
UHF0218	TCMT00081
UHF0218	TCMT00105
UHF0219	TCMT02375
UHF0219	TCMT02534
UHF0219	TCMT02446
UHF0220	TCMT02534
UHF0221	TCMT00105
UHF0221	TCMT02446
UHF0221	TCMT02576
UHF0223	TCMT02534
UHF0223	TCMT02576
UHF0224	TCMT02534
UHF0225	TCMT02248
UHF0225	TCMT00114
UHF0225	TCMT02534
UHF0226	TCMT02248
UHF0226	TCMT02660
UHF0226	TCMT00078
UHF0227	TCMT02248
UHF0228	TCMT02246
UHF0228	TCMT00053
UHF0229	TCMT02246
UHF0229	TCMT02442
UHF0229	TCMT00173
UHF0229	TCMT00240
UHF0230	TCMT02246
UHF0230	TCMT02576
UHF0231	TCMT02534
UHF0232	TCMT02248
UHF0232	TCMT02534
UHF0232	TCMT02576
UHF0232	TCMT00222
UHF0234	TCMT02246
UHF0235	TCMT02247
UHF0235	TCMT02534
UHF0235	TCMT00088
UHF0235	TCMT02318
UHF0236	TCMT02246
UHF0236	TCMT00205
UHF0237	TCMT02246
UHF0237	TCMT02742
UHF0237	TCMT02576
UHF0237	TCMT02258
UHF0238	TCMT02245
UHF0238	TCMT00222
UHF0238	TCMT00158
UHF0239	TCMT02245
UHF0239	TCMT00222
UHF0239	TCMT00205
UHF0239	TCMT00158
UHF0240	TCMT02246
UHF0240	TCMT00164
UHF0241	TCMT02248
UHF0241	TCMT02446
UHF0241	TCMT00090
UHF0242	TCMT02247
UHF0242	TCMT00088
UHF0242	TCMT00172
UHF0242	TCMT00090
UHF0243	TCMT02246
UHF0244	TCMT00286
UHF0245	TCMT02245
UHF0245	TCMT00205
UHF0245	TCMT00196
UHF0245	TCMT02318
UHF0245	TCMT02269
UHF0246	TCMT02247
UHF0246	TCMT02320
UHF0246	TCMT00078
UHF0247	TCMT02247
UHF0247	TCMT02534
UHF0247	TCMT02320
UHF0247	TCMT02446
UHF0248	TCMT02534
UHF0249	TCMT02246
UHF0249	TCMT02279
UHF0251	TCMT02245
UHF0251	TCMT00222
UHF0251	TCMT00138
UHF0251	TCMT02446
UHF0251	TCMT02375
UHF0252	TCMT02245
UHF0252	TCMT00222
UHF0252	TCMT00205
UHF0253	TCMT02534
UHF0253	TCMT00237
UHF0254	TCMT02534
UHF0254	TCMT02576
UHF0254	TCMT02606
UHF0255	TCMT00270
UHF0256	TCMT00270
UHF0257	TCMT02245
UHF0257	TCMT02442
UHF0257	TCMT00222
UHF0257	TCMT02444
UHF0257	TCMT02380
UHF0258	TCMT02245
UHF0258	TCMT00205
UHF0258	TCMT02320
UHF0259	TCMT02534
UHF0259	TCMT00302
UHF0259	TCMT00133
UHF0260	TCMT02576
UHF0261	TCMT02245
UHF0261	TCMT00205
UHF0261	TCMT02320
UHF0262	TCMT02245
UHF0262	TCMT00206
UHF0263	TCMT02534
UHF0263	TCMT02576
UHF0264	TCMT02248
UHF0265	TCMT02534
UHF0266	TCMT02670
UHF0267	TCMT02247
UHF0267	TCMT00088
UHF0267	TCMT00083
UHF0268	TCMT02245
UHF0269	TCMT02246
UHF0269	TCMT02442
UHF0270	TCMT02442
UHF0271	TCMT02442
UHF0271	TCMT02375
UHF0272	TCMT02375
UHF0273	TCMT02245
UHF0273	TCMT02320
UHF0273	TCMT02428
UHF0274	TCMT02245
UHF0274	TCMT02380
UHF0274	TCMT02375
UHF0275	TCMT02245
UHF0275	TCMT00173
UHF0275	TCMT02318
UHF0276	TCMT02247
UHF0276	TCMT00298
UHF0276	TCMT02606
UHF0277	TCMT02671
UHF0277	TCMT02648
UHF0278	TCMT02247
UHF0278	TCMT00238
UHF0278	TCMT00173
UHF0279	TCMT02576
UHF0280	TCMT00222
UHF0280	TCMT02446
UHF0281	TCMT02247
UHF0281	TCMT02318
UHF0281	TCMT02534
UHF0282	TCMT02648
UHF0283	TCMT02245
UHF0284	TCMT02247
UHF0284	TCMT00222
UHF0284	TCMT00078
UHF0285	TCMT02496
UHF0286	TCMT00080
UHF0286	TCMT00164
UHF0287	TCMT02246
UHF0287	TCMT02734
UHF0288	TCMT02245
UHF0288	TCMT00206
UHF0288	TCMT02318
UHF0289	TCMT02247
UHF0289	TCMT02568
UHF0289	TCMT02318
UHF0290	TCMT02247
UHF0290	TCMT02534
UHF0291	TCMT02534
UHF0292	TCMT02534
UHF0293	TCMT02509
UHF0293	TCMT00138
UHF0294	TCMT02247
UHF0294	TCMT02516
UHF0295	TCMT02246
UHF0295	TCMT02660
UHF0295	TCMT02736
UHF0296	TCMT02247
UHF0296	TCMT00088
UHF0296	TCMT02568
UHF0297	TCMT00196
UHF0297	TCMT02516
UHF0297	TCMT00278
UHF0298	TCMT02245
UHF0298	TCMT02442
UHF0298	TCMT00205
UHF0299	TCMT00196
UHF0299	TCMT00050
UHF0300	TCMT02245
UHF0301	TCMT02534
UHF0302	TCMT02606
UHF0302	TCMT02413
UHF0302	TCMT00208
UHF0303	TCMT00205
UHF0303	TCMT00289
UHF0303	TCMT00157
UHF0304	TCMT00222
UHF0304	TCMT00205
UHF0304	TCMT00278
UHF0305	TCMT02428
UHF0305	TCMT02748
UHF0306	TCMT02247
UHF0306	TCMT02568
UHF0306	TCMT00078
UHF0307	TCMT00202
UHF0308	TCMT02446
UHF0309	TCMT02245
UHF0309	TCMT02320
UHF0310	TCMT00222
UHF0310	TCMT00205
UHF0310	TCMT00068
UHF0311	TCMT02442
UHF0312	TCMT02442
UHF0312	TCMT00237
UHF0312	TCMT02444
UHF0312	TCMT00196
UHF0312	TCMT00326
UHF0313	TCMT00138
UHF0313	TCMT02543
UHF0314	TCMT02246
UHF0314	TCMT02442
UHF0314	TCMT02375
UHF0314	TCMT00205
UHF0315	TCMT00053
UHF0315	TCMT02576
UHF0316	TCMT02246
UHF0316	TCMT02576
UHF0316	TCMT02446
UHF0317	TCMT02246
UHF0317	TCMT02413
UHF0317	TCMT02660
UHF0317	TCMT00289
UHF0318	TCMT02311
UHF0319	TCMT02248
UHF0319	TCMT02446
UHF0320	TCMT02534
UHF0321	TCMT02516
UHF0321	TCMT00053
UHF0321	TCMT00173
UHF0321	TCMT00068
UHF0322	TCMT02247
UHF0322	TCMT02660
UHF0322	TCMT02568
UHF0323	TCMT00053
UHF0323	TCMT02375
UHF0324	TCMT02248
UHF0324	TCMT00053
UHF0324	TCMT00083
UHF0325	TCMT02245
UHF0325	TCMT02375
UHF0325	TCMT00222
UHF0325	TCMT02620
UHF0325	TCMT02407
UHF0326	TCMT02246
UHF0326	TCMT00205
UHF0327	TCMT02248
UHF0327	TCMT02568
UHF0327	TCMT00053
UHF0327	TCMT00173
UHF0327	TCMT02375
UHF0328	TCMT00222
UHF0328	TCMT02534
UHF0328	TCMT02568
UHF0329	TCMT00081
UHF0330	TCMT00173
UHF0333	TCMT02276
UHF0334	TCMT00222
UHF0335	TCMT00222
UHF0337	TCMT00222
UHF0337	TCMT00278
UHF0338	TCMT00202
UHF0338	TCMT02277
UHF0339	TCMT02246
UHF0341	TCMT00278
UHF0342	TCMT02245
UHF0342	TCMT00238
UHF0342	TCMT00173
UHF0342	TCMT00205
UHF0343	TCMT02446
UHF0343	TCMT02532
UHF0343	TCMT02468
UHF0344	TCMT02245
UHF0344	TCMT00187
UHF0345	TCMT02245
UHF0345	TCMT02660
UHF0346	TCMT02246
UHF0346	TCMT00053
UHF0346	TCMT02534
UHF0346	TCMT02648
UHF0347	TCMT02246
UHF0347	TCMT02258
UHF0347	TCMT02260
UHF0348	TCMT02246
UHF0348	TCMT00173
UHF0348	TCMT02648
UHF0349	TCMT02444
UHF0350	TCMT02245
UHF0350	TCMT00158
UHF0350	TCMT02416
UHF0351	TCMT02534
UHF0351	TCMT02576
UHF0351	TCMT02568
UHF0352	TCMT02248
UHF0352	TCMT02534
UHF0353	TCMT02245
UHF0354	TCMT00080
UHF0354	TCMT02375
UHF0354	TCMT02648
UHF0355	TCMT02247
UHF0355	TCMT02568
UHF0355	TCMT00238
UHF0355	TCMT00173
UHF0355	TCMT02277
UHF0356	TCMT02248
UHF0356	TCMT02576
UHF0356	TCMT00173
UHF0356	TCMT02379
UHF0357	TCMT02246
UHF0357	TCMT02648
UHF0357	TCMT02378
UHF0358	TCMT00173
UHF0358	TCMT02442
UHF0358	TCMT00238
UHF0358	TCMT00161
UHF0358	TCMT02378
UHF0359	TCMT02375
UHF0359	TCMT00173
UHF0359	TCMT00238
UHF0360	TCMT02245
UHF0360	TCMT02395
UHF0361	TCMT02246
UHF0362	TCMT00326
UHF0363	TCMT02375
UHF0363	TCMT00205
UHF0363	TCMT00344
UHF0364	TCMT00222
UHF0365	TCMT02246
UHF0366	TCMT02534
UHF0366	TCMT00292
UHF0366	TCMT02748
UHF0367	TCMT02516
UHF0368	TCMT02534
UHF0369	TCMT02670
UHF0370	TCMT02245
UHF0370	TCMT00344
UHF0370	TCMT00053
UHF0374	TCMT02534
UHF0374	TCMT02442
UHF0375	TCMT00222
UHF0375	TCMT00292
UHF0376	TCMT02670
UHF0377	TCMT00068
UHF0378	TCMT00222
UHF0378	TCMT00196
UHF0378	TCMT00187
UHF0379	TCMT02246
UHF0379	TCMT00205
UHF0380	TCMT00202
UHF0380	TCMT02398
UHF0381	TCMT02246
UHF0381	TCMT00205
UHF0381	TCMT00196
UHF0382	TCMT02245
UHF0382	TCMT00158
UHF0383	TCMT02245
UHF0383	TCMT00201
UHF0383	TCMT00187
UHF0384	TCMT02245
UHF0384	TCMT02320
UHF0384	TCMT00206
UHF0385	TCMT02245
UHF0385	TCMT00222
UHF0385	TCMT00158
UHF0386	TCMT02245
UHF0387	TCMT02245
UHF0387	TCMT02320
UHF0388	TCMT02246
UHF0389	TCMT00201
UHF0390	TCMT02245
UHF0390	TCMT00196
UHF0391	TCMT02246
UHF0392	TCMT00205
UHF0393	TCMT02245
UHF0393	TCMT00205
UHF0393	TCMT02320
UHF0394	TCMT02534
UHF0395	TCMT02247
UHF0395	TCMT02534
UHF0395	TCMT02320
UHF0395	TCMT02309
UHF0396	TCMT02245
UHF0396	TCMT02620
UHF0396	TCMT02428
UHF0397	TCMT02245
UHF0397	TCMT00205
UHF0397	TCMT00053
UHF0398	TCMT02245
UHF0398	TCMT00158
UHF0399	TCMT02245
UHF0399	TCMT02413
UHF0400	TCMT02375
UHF0400	TCMT00222
UHF0401	TCMT00222
UHF0402	TCMT02245
UHF0402	TCMT02264
UHF0403	TCMT02375
UHF0403	TCMT02534
UHF0403	TCMT00278
UHF0404	TCMT02264
UHF0406	TCMT02248
UHF0406	TCMT02375
UHF0406	TCMT02534
UHF0407	TCMT02375
UHF0407	TCMT00319
UHF0407	TCMT00317
UHF0409	TCMT02375
UHF0411	TCMT02245
UHF0411	TCMT00292
UHF0411	TCMT02320
UHF0412	TCMT00292
UHF0412	TCMT02375
UHF0417	TCMT00317
UHF0417	TCMT02465
UHF0419	TCMT02311
UHF0420	TCMT00317
UHF0420	TCMT02465
UHF0421	TCMT00317
UHF0421	TCMT02465
UHF0422	TCMT02509
UHF0422	TCMT02576
UHF0422	TCMT00115
UHF0423	TCMT02375
UHF0423	TCMT02509
UHF0423	TCMT00115
UHF0424	TCMT02375
UHF0429	TCMT02444
UHF0429	TCMT02428
UHF0430	TCMT02444
UHF0430	TCMT02413
UHF0432	TCMT00276
UHF0434	TCMT02444
UHF0435	TCMT02534
UHF0435	TCMT02375
UHF0436	TCMT00081
UHF0437	TCMT02375
UHF0437	TCMT00222
UHF0438	TCMT02247
UHF0438	TCMT00053
UHF0439	TCMT00222
UHF0439	TCMT02522
UHF0439	TCMT00207
UHF0440	TCMT00222
UHF0440	TCMT02395
UHF0442	TCMT02246
UHF0442	TCMT02375
UHF0443	TCMT02375
UHF0443	TCMT00278
UHF0444	TCMT02375
UHF0444	TCMT02534
UHF0445	TCMT02245
UHF0445	TCMT00319
UHF0445	TCMT00317
UHF0446	TCMT02375
UHF0446	TCMT00319
UHF0447	TCMT02440
UHF0448	TCMT02247
UHF0448	TCMT02318
UHF0448	TCMT00078
UHF0449	TCMT02375
UHF0449	TCMT00222
UHF0450	TCMT00222
UHF0450	TCMT02318
UHF0450	TCMT02311
UHF0451	TCMT02245
UHF0451	TCMT00222
UHF0451	TCMT02320
UHF0454	TCMT02534
UHF0455	TCMT02246
UHF0455	TCMT02442
UHF0455	TCMT00056
UHF0456	TCMT02375
UHF0456	TCMT02534
UHF0457	TCMT02311
UHF0457	TCMT02320
UHF0457	TCMT00326
UHF0458	TCMT02375
UHF0458	TCMT02311
UHF0458	TCMT00326
UHF0459	TCMT02320
UHF0459	TCMT00326
UHF0460	TCMT02375
UHF0461	TCMT02375
UHF0461	TCMT00222
UHF0462	TCMT02319
UHF0466	TCMT00292
UHF0466	TCMT02375
UHF0467	TCMT02375
UHF0468	TCMT02247
UHF0468	TCMT02375
UHF0468	TCMT02534
UHF0469	TCMT02375
UHF0470	TCMT02247
UHF0470	TCMT00080
UHF0471	TCMT02246
UHF0472	TCMT02375
UHF0472	TCMT02534
UHF0473	TCMT02246
UHF0473	TCMT02375
UHF0473	TCMT00222
UHF0475	TCMT02245
UHF0475	TCMT00205
UHF0476	TCMT02375
UHF0476	TCMT02534
UHF0477	TCMT02375
UHF0477	TCMT00222
UHF0478	TCMT02246
UHF0479	TCMT02245
UHF0479	TCMT00222
UHF0479	TCMT02320
UHF0480	TCMT02248
UHF0480	TCMT02534
UHF0001	TCMT01742
UHF0001	TCMT03031
UHF0001	TCMT00763
UHF0002	TCMT02891
UHF0002	TCMT01742
UHF0003	TCMT01778
UHF0003	TCMT01304
UHF0003	TCMT01742
UHF0003	TCMT01777
UHF0004	TCMT03484
UHF0004	TCMT01501
UHF0004	TCMT01241
UHF0005	TCMT03031
UHF0005	TCMT01241
UHF0005	TCMT01553
UHF0006	TCMT01307
UHF0007	TCMT01502
UHF0009	TCMT00994
UHF0009	TCMT03288
UHF0009	TCMT03059
UHF0010	TCMT03031
UHF0011	TCMT03261
UHF0012	TCMT01777
UHF0013	TCMT01756
UHF0013	TCMT01221
UHF0013	TCMT03827
UHF0013	TCMT01742
UHF0014	TCMT01221
UHF0014	TCMT01756
UHF0015	TCMT01756
UHF0015	TCMT01221
UHF0016	TCMT01241
UHF0017	TCMT03087
UHF0017	TCMT01059
UHF0017	TCMT01756
UHF0018	TCMT03031
UHF0018	TCMT01756
UHF0019	TCMT01583
UHF0020	TCMT00981
UHF0020	TCMT01583
UHF0021	TCMT00981
UHF0021	TCMT03193
UHF0021	TCMT01760
UHF0022	TCMT01307
UHF0022	TCMT03807
UHF0022	TCMT01742
UHF0023	TCMT01307
UHF0023	TCMT01742
UHF0024	TCMT01307
UHF0024	TCMT03079
UHF0025	TCMT00994
UHF0025	TCMT01756
UHF0026	TCMT01221
UHF0026	TCMT00585
UHF0026	TCMT01745
UHF0026	TCMT03484
UHF0028	TCMT01482
UHF0029	TCMT01482
UHF0029	TCMT00585
UHF0030	TCMT01777
UHF0032	TCMT00852
UHF0032	TCMT01772
UHF0033	TCMT01148
UHF0033	TCMT01241
UHF0033	TCMT01553
UHF0033	TCMT01534
UHF0034	TCMT01756
UHF0034	TCMT03087
UHF0035	TCMT01583
UHF0037	TCMT00981
UHF0037	TCMT01756
UHF0038	TCMT01221
UHF0038	TCMT00981
UHF0038	TCMT01756
UHF0039	TCMT01241
UHF0040	TCMT03443
UHF0040	TCMT03346
UHF0040	TCMT01777
UHF0041	TCMT01756
UHF0042	TCMT01777
UHF0043	TCMT01749
UHF0044	TCMT01742
UHF0045	TCMT01192
UHF0045	TCMT01742
UHF0047	TCMT01742
UHF0047	TCMT01192
UHF0048	TCMT00585
UHF0048	TCMT01740
UHF0049	TCMT00585
UHF0049	TCMT01501
UHF0050	TCMT01742
UHF0050	TCMT01740
UHF0050	TCMT03925
UHF0051	TCMT01583
UHF0052	TCMT03807
UHF0052	TCMT01553
UHF0052	TCMT01742
UHF0053	TCMT01742
UHF0054	TCMT01742
UHF0055	TCMT01241
UHF0055	TCMT01740
UHF0055	TCMT03290
UHF0056	TCMT01740
UHF0056	TCMT01760
UHF0057	TCMT00990
UHF0057	TCMT01120
UHF0057	TCMT01129
UHF0058	TCMT00994
UHF0058	TCMT01740
UHF0058	TCMT03031
UHF0058	TCMT00777
UHF0059	TCMT01241
UHF0059	TCMT01740
UHF0059	TCMT01119
UHF0061	TCMT01241
UHF0061	TCMT01740
UHF0061	TCMT03141
UHF0061	TCMT03257
UHF0062	TCMT01740
UHF0063	TCMT01760
UHF0064	TCMT01760
UHF0065	TCMT01740
UHF0065	TCMT03880
UHF0065	TCMT01745
UHF0065	TCMT01742
UHF0065	TCMT01682
UHF0066	TCMT01120
UHF0067	TCMT03639
UHF0067	TCMT00585
UHF0067	TCMT03674
UHF0067	TCMT03193
UHF0069	TCMT01740
UHF0069	TCMT01241
UHF0070	TCMT00994
UHF0071	TCMT01740
UHF0072	TCMT01773
UHF0073	TCMT00585
UHF0073	TCMT01773
UHF0073	TCMT03193
UHF0074	TCMT01773
UHF0075	TCMT00981
UHF0075	TCMT01759
UHF0075	TCMT01756
UHF0076	TCMT01241
UHF0077	TCMT01241
UHF0077	TCMT01773
UHF0078	TCMT00585
UHF0078	TCMT01773
UHF0078	TCMT01762
UHF0078	TCMT01758
UHF0079	TCMT01762
UHF0080	TCMT01241
UHF0081	TCMT01770
UHF0082	TCMT00994
UHF0082	TCMT01766
UHF0082	TCMT01752
UHF0082	TCMT01307
UHF0082	TCMT03346
UHF0082	TCMT01221
UHF0083	TCMT01307
UHF0083	TCMT01752
UHF0083	TCMT00981
UHF0084	TCMT01772
UHF0084	TCMT01770
UHF0085	TCMT01742
UHF0086	TCMT00981
UHF0086	TCMT01742
UHF0086	TCMT01307
UHF0087	TCMT01307
UHF0087	TCMT00981
UHF0089	TCMT00994
UHF0089	TCMT01756
UHF0090	TCMT00763
UHF0090	TCMT01770
UHF0091	TCMT01514
UHF0091	TCMT01770
UHF0091	TCMT00585
UHF0092	TCMT01762
UHF0092	TCMT01772
UHF0093	TCMT01773
UHF0094	TCMT01773
UHF0095	TCMT03031
UHF0099	TCMT01742
UHF0099	TCMT01756
UHF0102	TCMT01742
UHF0102	TCMT03443
UHF0103	TCMT01742
UHF0103	TCMT01241
UHF0103	TCMT01756
UHF0103	TCMT00843
UHF0104	TCMT01553
UHF0104	TCMT03290
UHF0105	TCMT03443
UHF0105	TCMT03484
UHF0107	TCMT01742
UHF0108	TCMT01660
UHF0108	TCMT01740
UHF0110	TCMT01241
UHF0110	TCMT01553
UHF0110	TCMT01742
UHF0111	TCMT01241
UHF0111	TCMT01777
UHF0112	TCMT01428
UHF0113	TCMT01069
UHF0114	TCMT02891
UHF0115	TCMT01069
UHF0116	TCMT01071
UHF0116	TCMT01069
UHF0117	TCMT01069
UHF0118	TCMT01772
UHF0119	TCMT01777
UHF0119	TCMT03396
UHF0122	TCMT01772
UHF0123	TCMT01770
UHF0124	TCMT03781
UHF0124	TCMT01553
UHF0125	TCMT01241
UHF0125	TCMT01774
UHF0126	TCMT00981
UHF0126	TCMT01759
UHF0126	TCMT01756
UHF0127	TCMT01770
UHF0127	TCMT01521
UHF0127	TCMT03031
UHF0128	TCMT01069
UHF0128	TCMT01070
UHF0129	TCMT01241
UHF0129	TCMT01553
UHF0129	TCMT01777
UHF0130	TCMT01241
UHF0130	TCMT03484
UHF0130	TCMT01777
UHF0131	TCMT01069
UHF0131	TCMT01071
UHF0132	TCMT01742
UHF0132	TCMT03675
UHF0132	TCMT03781
UHF0132	TCMT03290
UHF0132	TCMT01384
UHF0132	TCMT01119
UHF0133	TCMT01241
UHF0133	TCMT01069
UHF0133	TCMT01553
UHF0134	TCMT00585
UHF0134	TCMT01241
UHF0134	TCMT01616
UHF0135	TCMT03650
UHF0135	TCMT00832
UHF0135	TCMT01240
UHF0136	TCMT01112
UHF0137	TCMT01241
UHF0137	TCMT03627
UHF0139	TCMT03261
UHF0141	TCMT01335
UHF0142	TCMT01772
UHF0142	TCMT01742
UHF0142	TCMT03925
UHF0143	TCMT01682
UHF0144	TCMT01772
UHF0144	TCMT01756
UHF0145	TCMT01241
UHF0145	TCMT01553
UHF0146	TCMT03031
UHF0146	TCMT01241
UHF0146	TCMT02891
UHF0147	TCMT01760
UHF0147	TCMT01120
UHF0147	TCMT01744
UHF0148	TCMT01760
UHF0148	TCMT01120
UHF0148	TCMT01744
UHF0149	TCMT03290
UHF0150	TCMT01760
UHF0150	TCMT01744
UHF0151	TCMT01760
UHF0151	TCMT01562
UHF0151	TCMT01051
UHF0152	TCMT00994
UHF0152	TCMT03031
UHF0152	TCMT01241
UHF0153	TCMT00865
UHF0154	TCMT01743
UHF0154	TCMT03031
UHF0154	TCMT01742
UHF0156	TCMT01240
UHF0156	TCMT01241
UHF0156	TCMT03674
UHF0157	TCMT01772
UHF0159	TCMT01501
UHF0159	TCMT01240
UHF0162	TCMT01521
UHF0163	TCMT00685
UHF0164	TCMT01766
UHF0165	TCMT01502
UHF0165	TCMT03674
UHF0166	TCMT01241
UHF0166	TCMT01773
UHF0167	TCMT03261
UHF0170	TCMT01521
UHF0171	TCMT01502
UHF0171	TCMT01760
UHF0171	TCMT00685
UHF0172	TCMT01241
UHF0172	TCMT01221
UHF0172	TCMT01756
UHF0172	TCMT03018
UHF0173	TCMT01760
UHF0173	TCMT01742
UHF0174	TCMT01772
UHF0174	TCMT01174
UHF0175	TCMT01501
UHF0176	TCMT01241
UHF0178	TCMT01501
UHF0178	TCMT01240
UHF0180	TCMT01760
UHF0180	TCMT01761
UHF0180	TCMT03600
UHF0180	TCMT03484
UHF0182	TCMT03675
UHF0182	TCMT01760
UHF0182	TCMT00815
UHF0183	TCMT01583
UHF0184	TCMT01772
UHF0184	TCMT01742
UHF0184	TCMT03925
UHF0187	TCMT01071
UHF0187	TCMT01069
UHF0187	TCMT01070
UHF0188	TCMT01762
UHF0188	TCMT00759
UHF0190	TCMT01758
UHF0191	TCMT01776
UHF0191	TCMT01502
UHF0192	TCMT03484
UHF0192	TCMT01774
UHF0193	TCMT01069
UHF0193	TCMT01553
UHF0194	TCMT00761
UHF0195	TCMT01777
UHF0197	TCMT01510
UHF0197	TCMT01583
UHF0197	TCMT01501
UHF0198	TCMT01286
UHF0200	TCMT01742
UHF0206	TCMT01570
UHF0206	TCMT00761
UHF0206	TCMT01742
UHF0207	TCMT01298
UHF0207	TCMT01611
UHF0208	TCMT01770
UHF0208	TCMT01171
UHF0209	TCMT01742
UHF0209	TCMT01757
UHF0210	TCMT01760
UHF0211	TCMT01120
UHF0211	TCMT03290
UHF0212	TCMT01502
UHF0214	TCMT01241
UHF0214	TCMT03484
UHF0214	TCMT01777
UHF0215	TCMT03261
UHF0215	TCMT01771
UHF0218	TCMT03880
UHF0218	TCMT01723
UHF0219	TCMT01742
UHF0219	TCMT01241
UHF0220	TCMT03193
UHF0222	TCMT01307
UHF0222	TCMT01742
UHF0222	TCMT01740
UHF0223	TCMT01740
UHF0223	TCMT00985
UHF0223	TCMT01307
UHF0223	TCMT03290
UHF0224	TCMT01307
UHF0225	TCMT01761
UHF0225	TCMT00759
UHF0225	TCMT01762
UHF0225	TCMT01740
UHF0225	TCMT01742
UHF0226	TCMT01762
UHF0227	TCMT00730
UHF0229	TCMT01241
UHF0229	TCMT01219
UHF0229	TCMT01221
UHF0230	TCMT01241
UHF0230	TCMT03627
UHF0230	TCMT01774
UHF0232	TCMT03031
UHF0233	TCMT03031
UHF0233	TCMT01740
UHF0234	TCMT03027
UHF0234	TCMT01171
UHF0235	TCMT03027
UHF0235	TCMT01762
UHF0235	TCMT00585
UHF0235	TCMT00759
UHF0235	TCMT01740
UHF0235	TCMT01171
UHF0235	TCMT00801
UHF0237	TCMT03031
UHF0237	TCMT01241
UHF0238	TCMT01358
UHF0239	TCMT01358
UHF0239	TCMT02891
UHF0240	TCMT01553
UHF0240	TCMT03031
UHF0241	TCMT01148
UHF0241	TCMT00994
UHF0241	TCMT01241
UHF0241	TCMT01553
UHF0241	TCMT01740
UHF0242	TCMT01194
UHF0242	TCMT00994
UHF0242	TCMT01740
UHF0242	TCMT01763
UHF0242	TCMT00800
UHF0245	TCMT01358
UHF0247	TCMT01742
UHF0247	TCMT01304
UHF0248	TCMT01760
UHF0248	TCMT01742
UHF0249	TCMT01163
UHF0249	TCMT03027
UHF0249	TCMT01769
UHF0250	TCMT03275
UHF0251	TCMT01241
UHF0251	TCMT01358
UHF0252	TCMT01358
UHF0253	TCMT01241
UHF0253	TCMT03553
UHF0253	TCMT01756
UHF0254	TCMT01740
UHF0255	TCMT01071
UHF0255	TCMT01069
UHF0255	TCMT01070
UHF0256	TCMT01071
UHF0256	TCMT01069
UHF0256	TCMT01070
UHF0257	TCMT01510
UHF0257	TCMT01241
UHF0257	TCMT01358
UHF0258	TCMT02891
UHF0258	TCMT01762
UHF0258	TCMT01612
UHF0259	TCMT01514
UHF0259	TCMT03674
UHF0259	TCMT03551
UHF0260	TCMT01552
UHF0263	TCMT01745
UHF0263	TCMT01742
UHF0263	TCMT03925
UHF0263	TCMT03290
UHF0264	TCMT01742
UHF0265	TCMT01776
UHF0265	TCMT03674
UHF0265	TCMT01240
UHF0266	TCMT01241
UHF0266	TCMT01335
UHF0267	TCMT01762
UHF0269	TCMT01553
UHF0270	TCMT01241
UHF0271	TCMT01241
UHF0273	TCMT01482
UHF0274	TCMT01710
UHF0274	TCMT03031
UHF0274	TCMT01611
UHF0275	TCMT01773
UHF0275	TCMT01756
UHF0275	TCMT01758
UHF0276	TCMT00585
UHF0277	TCMT01760
UHF0277	TCMT01501
UHF0277	TCMT01745
UHF0278	TCMT00585
UHF0278	TCMT01756
UHF0279	TCMT03192
UHF0280	TCMT01553
UHF0280	TCMT01777
UHF0281	TCMT00585
UHF0281	TCMT03193
UHF0282	TCMT00994
UHF0284	TCMT01770
UHF0284	TCMT03339
UHF0285	TCMT01772
UHF0286	TCMT01740
UHF0289	TCMT00585
UHF0290	TCMT01770
UHF0290	TCMT00585
UHF0290	TCMT01482
UHF0290	TCMT03193
UHF0293	TCMT01756
UHF0293	TCMT01216
UHF0294	TCMT01760
UHF0294	TCMT03600
UHF0295	TCMT01762
UHF0296	TCMT01762
UHF0296	TCMT03193
UHF0298	TCMT01241
UHF0298	TCMT02891
UHF0298	TCMT01192
UHF0299	TCMT00852
UHF0300	TCMT03193
UHF0300	TCMT00854
UHF0301	TCMT00994
UHF0302	TCMT01778
UHF0302	TCMT01742
UHF0304	TCMT01766
UHF0304	TCMT01742
UHF0304	TCMT03018
UHF0305	TCMT01778
UHF0305	TCMT01742
UHF0306	TCMT00585
UHF0306	TCMT01773
UHF0306	TCMT03551
UHF0307	TCMT01120
UHF0308	TCMT01241
UHF0308	TCMT01740
UHF0308	TCMT01777
UHF0310	TCMT03675
UHF0310	TCMT01742
UHF0311	TCMT01241
UHF0311	TCMT00994
UHF0312	TCMT01241
UHF0312	TCMT01756
UHF0312	TCMT01521
UHF0312	TCMT00852
UHF0313	TCMT01756
UHF0313	TCMT01757
UHF0314	TCMT01241
UHF0314	TCMT00865
UHF0315	TCMT03627
UHF0315	TCMT00843
UHF0316	TCMT01148
UHF0316	TCMT01760
UHF0316	TCMT01553
UHF0317	TCMT01762
UHF0318	TCMT01781
UHF0319	TCMT01570
UHF0319	TCMT01742
UHF0319	TCMT00994
UHF0319	TCMT01740
UHF0319	TCMT01772
UHF0320	TCMT01428
UHF0320	TCMT01740
UHF0321	TCMT01740
UHF0321	TCMT01756
UHF0322	TCMT01766
UHF0322	TCMT00585
UHF0322	TCMT01760
UHF0322	TCMT01763
UHF0323	TCMT01428
UHF0324	TCMT01772
UHF0324	TCMT01760
UHF0325	TCMT02891
UHF0325	TCMT01192
UHF0325	TCMT00753
UHF0326	TCMT01762
UHF0326	TCMT01766
UHF0327	TCMT01756
UHF0327	TCMT01740
UHF0327	TCMT01772
UHF0328	TCMT03570
UHF0329	TCMT00994
UHF0330	TCMT01740
UHF0330	TCMT01756
UHF0330	TCMT03186
UHF0331	TCMT01428
UHF0332	TCMT01428
UHF0334	TCMT01742
UHF0335	TCMT03675
UHF0335	TCMT01742
UHF0336	TCMT01307
UHF0336	TCMT03675
UHF0336	TCMT03443
UHF0337	TCMT01307
UHF0337	TCMT03290
UHF0338	TCMT01760
UHF0341	TCMT00981
UHF0341	TCMT01742
UHF0342	TCMT00981
UHF0342	TCMT02891
UHF0342	TCMT01756
UHF0343	TCMT00994
UHF0343	TCMT01766
UHF0343	TCMT03183
UHF0344	TCMT01760
UHF0345	TCMT03027
UHF0345	TCMT01299
UHF0345	TCMT00761
UHF0345	TCMT01192
UHF0346	TCMT01742
UHF0346	TCMT01772
UHF0348	TCMT01757
UHF0348	TCMT01756
UHF0348	TCMT01759
UHF0350	TCMT01760
UHF0351	TCMT01760
UHF0351	TCMT01241
UHF0351	TCMT01740
UHF0352	TCMT01740
UHF0353	TCMT01760
UHF0353	TCMT03193
UHF0354	TCMT00994
UHF0354	TCMT01682
UHF0354	TCMT01740
UHF0355	TCMT00585
UHF0356	TCMT00981
UHF0356	TCMT01740
UHF0356	TCMT01682
UHF0357	TCMT00981
UHF0357	TCMT01221
UHF0357	TCMT01682
UHF0358	TCMT00981
UHF0358	TCMT01757
UHF0358	TCMT01682
UHF0358	TCMT01241
UHF0359	TCMT00981
UHF0359	TCMT01756
UHF0361	TCMT01057
UHF0361	TCMT01384
UHF0362	TCMT03781
UHF0362	TCMT03827
UHF0364	TCMT01192
UHF0364	TCMT01742
UHF0365	TCMT01766
UHF0365	TCMT01298
UHF0366	TCMT01482
UHF0366	TCMT01742
UHF0366	TCMT03925
UHF0366	TCMT01527
UHF0367	TCMT01129
UHF0368	TCMT01742
UHF0369	TCMT01502
UHF0370	TCMT01482
UHF0370	TCMT01211
UHF0371	TCMT01772
UHF0372	TCMT01510
UHF0374	TCMT01772
UHF0374	TCMT01482
UHF0375	TCMT01482
UHF0375	TCMT01742
UHF0376	TCMT01335
UHF0376	TCMT03650
UHF0377	TCMT01335
UHF0378	TCMT00852
UHF0378	TCMT01742
UHF0380	TCMT01192
UHF0380	TCMT01059
UHF0383	TCMT03600
UHF0383	TCMT01502
UHF0383	TCMT01584
UHF0383	TCMT01482
UHF0384	TCMT03627
UHF0385	TCMT01766
UHF0385	TCMT01742
UHF0385	TCMT01777
UHF0385	TCMT01381
UHF0385	TCMT03673
UHF0386	TCMT02891
UHF0387	TCMT01335
UHF0387	TCMT01502
UHF0387	TCMT03650
UHF0389	TCMT01760
UHF0390	TCMT01298
UHF0390	TCMT01760
UHF0390	TCMT01611
UHF0392	TCMT00865
UHF0393	TCMT01760
UHF0394	TCMT01742
UHF0394	TCMT03193
UHF0394	TCMT01760
UHF0394	TCMT00763
UHF0394	TCMT01501
UHF0395	TCMT00585
UHF0395	TCMT01766
UHF0396	TCMT03257
UHF0396	TCMT01192
UHF0396	TCMT00832
UHF0397	TCMT00865
UHF0397	TCMT01772
UHF0398	TCMT01194
UHF0399	TCMT01335
UHF0399	TCMT01766
UHF0399	TCMT00826
UHF0400	TCMT01777
UHF0401	TCMT01307
UHF0401	TCMT01742
UHF0404	TCMT01760
UHF0404	TCMT01744
UHF0407	TCMT01509
UHF0410	TCMT03261
UHF0412	TCMT01427
UHF0412	TCMT01452
UHF0413	TCMT03261
UHF0414	TCMT03261
UHF0415	TCMT03261
UHF0417	TCMT03275
UHF0417	TCMT03877
UHF0418	TCMT03261
UHF0419	TCMT01781
UHF0420	TCMT03275
UHF0420	TCMT01659
UHF0420	TCMT03877
UHF0421	TCMT03275
UHF0421	TCMT03877
UHF0422	TCMT01241
UHF0422	TCMT03257
UHF0422	TCMT03141
UHF0423	TCMT01241
UHF0423	TCMT03257
UHF0423	TCMT03141
UHF0425	TCMT01069
UHF0426	TCMT01069
UHF0427	TCMT01069
UHF0427	TCMT01071
UHF0428	TCMT03275
UHF0429	TCMT01770
UHF0429	TCMT03415
UHF0430	TCMT01770
UHF0430	TCMT03415
UHF0431	TCMT01069
UHF0431	TCMT01071
UHF0432	TCMT01742
UHF0434	TCMT00785
UHF0436	TCMT01742
UHF0438	TCMT00585
UHF0438	TCMT01553
UHF0439	TCMT01742
UHF0439	TCMT01584
UHF0440	TCMT01778
UHF0440	TCMT01304
UHF0440	TCMT01742
UHF0440	TCMT03443
UHF0441	TCMT01742
UHF0443	TCMT01742
UHF0443	TCMT01760
UHF0443	TCMT03484
UHF0444	TCMT01742
UHF0445	TCMT03288
UHF0447	TCMT03192
UHF0447	TCMT01552
UHF0448	TCMT01762
UHF0448	TCMT00585
UHF0448	TCMT00759
UHF0450	TCMT01781
UHF0451	TCMT01749
UHF0452	TCMT01069
UHF0453	TCMT01069
UHF0453	TCMT01071
UHF0454	TCMT01749
UHF0455	TCMT01740
UHF0457	TCMT03807
UHF0457	TCMT03827
UHF0458	TCMT03827
UHF0463	TCMT03261
UHF0464	TCMT03261
UHF0465	TCMT03261
UHF0468	TCMT01428
UHF0470	TCMT00585
UHF0471	TCMT01742
UHF0474	TCMT03261
UHF0478	TCMT01596
UHF0479	TCMT01428
