CPM_ID	CHP_ID	Dosage_ratio
UHF0126	CHP03124	0.3793
UHF0126	CHP03800	0.2069
UHF0126	CHP00608	0.1724
UHF0126	CHP03013	0.1379
UHF0126	CHP04322	0.1034
UHF0133	CHP04070	1.0
UHF0131	CHP02930	1.0
UHF0117	CHP03052	0.75
UHF0117	CHP03732	0.25
UHF0132	CHP00608	0.2474
UHF0132	CHP03120	0.1237
UHF0132	CHP06224	0.1237
UHF0132	CHP03999	0.0928
UHF0132	CHP06320	0.0433
UHF0132	CHP06256	0.0433
UHF0132	CHP00997	0.0433
UHF0132	CHP02756	0.0412
UHF0132	CHP00308	0.0309
UHF0132	CHP02685	0.0309
UHF0132	CHP05255	0.0309
UHF0132	CHP04065	0.0186
UHF0132	CHP04258	0.0186
UHF0132	CHP02750	0.0186
UHF0132	CHP03013	0.0186
UHF0132	CHP06210	0.0124
UHF0132	CHP04861	0.0124
UHF0132	CHP02023	0.0124
UHF0132	CHP01757	0.0124
UHF0132	CHP01771	0.0124
UHF0132	CHP01690	0.0062
UHF0132	CHP02305	0.0062
UHF0123	CHP04065	0.625
UHF0123	CHP06210	0.1875
UHF0123	CHP01757	0.1875
UHF0124	CHP03999	0.3465
UHF0124	CHP06320	0.1634
UHF0124	CHP04861	0.1634
UHF0124	CHP00608	0.1634
UHF0124	CHP00451	0.1634
UHF0125	CHP03120	0.2976
UHF0125	CHP06224	0.2976
UHF0125	CHP00997	0.119
UHF0125	CHP02405	0.0893
UHF0125	CHP06320	0.0595
UHF0125	CHP02023	0.0595
UHF0125	CHP02305	0.0595
UHF0125	CHP01368	0.0179
UHF0127	CHP01516	0.3182
UHF0127	CHP04124	0.1818
UHF0127	CHP01644	0.1818
UHF0127	CHP00004	0.0909
UHF0127	CHP03767	0.0909
UHF0127	CHP01757	0.0909
UHF0127	CHP06210	0.0455
UHF0422	CHP03797	0.1724
UHF0422	CHP06320	0.1724
UHF0422	CHP02750	0.1724
UHF0422	CHP02305	0.1724
UHF0422	CHP04451	0.1034
UHF0422	CHP02839	0.1034
UHF0422	CHP02913	0.1034
UHF0116	CHP02390	1.0
UHF0115	CHP04002	1.0
UHF0113	CHP04067	1.0
UHF0114	CHP00004	0.25
UHF0114	CHP01399	0.25
UHF0114	CHP04473	0.25
UHF0114	CHP00216	0.25
UHF0128	CHP03732	0.8333
UHF0128	CHP06174	0.1667
UHF0110	CHP06224	0.2695
UHF0110	CHP02756	0.2695
UHF0110	CHP03999	0.1617
UHF0110	CHP00308	0.0836
UHF0110	CHP03124	0.0431
UHF0110	CHP06320	0.0431
UHF0110	CHP04259	0.0431
UHF0110	CHP02023	0.0431
UHF0110	CHP02405	0.0431
UHF0111	CHP00308	0.2577
UHF0111	CHP02750	0.1546
UHF0111	CHP01368	0.1546
UHF0111	CHP06210	0.1546
UHF0111	CHP01757	0.1546
UHF0111	CHP06256	0.0619
UHF0111	CHP02023	0.0309
UHF0111	CHP03283	0.0309
UHF0112	CHP06224	0.4808
UHF0112	CHP03124	0.0962
UHF0112	CHP00308	0.0865
UHF0112	CHP02756	0.0721
UHF0112	CHP00451	0.0721
UHF0112	CHP06256	0.0481
UHF0112	CHP00997	0.0481
UHF0112	CHP00608	0.0433
UHF0112	CHP02023	0.0288
UHF0112	CHP04259	0.024
UHF0108	CHP02685	0.1429
UHF0108	CHP00308	0.1429
UHF0108	CHP04764	0.1429
UHF0108	CHP04577	0.1429
UHF0108	CHP05255	0.1429
UHF0108	CHP04861	0.1429
UHF0108	CHP03130	0.1429
UHF0109	CHP06224	0.2203
UHF0109	CHP03120	0.1322
UHF0109	CHP00451	0.1322
UHF0109	CHP00608	0.0793
UHF0109	CHP03124	0.0661
UHF0109	CHP03130	0.0661
UHF0109	CHP06256	0.0352
UHF0109	CHP06220	0.0352
UHF0109	CHP04258	0.0352
UHF0109	CHP05557	0.0352
UHF0109	CHP00308	0.0352
UHF0109	CHP00997	0.0352
UHF0109	CHP03013	0.0352
UHF0109	CHP04065	0.022
UHF0109	CHP02023	0.022
UHF0109	CHP00513	0.0132
UHF0107	CHP03999	0.48
UHF0107	CHP06224	0.24
UHF0107	CHP02750	0.16
UHF0107	CHP02084	0.12
UHF0129	CHP06224	0.2765
UHF0129	CHP06212	0.0922
UHF0129	CHP03283	0.0691
UHF0129	CHP04065	0.0461
UHF0129	CHP04124	0.0461
UHF0129	CHP01644	0.0461
UHF0129	CHP03120	0.0461
UHF0129	CHP00608	0.0461
UHF0129	CHP03130	0.0276
UHF0129	CHP03800	0.0276
UHF0129	CHP03124	0.0276
UHF0129	CHP06320	0.0276
UHF0129	CHP01968	0.0276
UHF0129	CHP02024	0.0276
UHF0129	CHP01757	0.0276
UHF0129	CHP00997	0.0276
UHF0129	CHP02750	0.0276
UHF0129	CHP06218	0.023
UHF0129	CHP02405	0.023
UHF0129	CHP01118	0.023
UHF0129	CHP03013	0.0138
UHF0130	CHP06224	0.3896
UHF0130	CHP00997	0.1299
UHF0130	CHP00308	0.0779
UHF0130	CHP02750	0.0779
UHF0130	CHP06220	0.0649
UHF0130	CHP03013	0.0649
UHF0130	CHP01758	0.039
UHF0130	CHP06248	0.039
UHF0130	CHP06210	0.039
UHF0130	CHP01757	0.039
UHF0130	CHP03283	0.039
UHF0119	CHP04368	0.3
UHF0119	CHP03124	0.1
UHF0119	CHP03130	0.1
UHF0119	CHP06210	0.1
UHF0119	CHP02024	0.1
UHF0119	CHP03800	0.06
UHF0119	CHP05557	0.06
UHF0119	CHP01119	0.06
UHF0119	CHP01757	0.06
UHF0119	CHP03283	0.06
UHF0120	CHP04368	0.274
UHF0120	CHP03130	0.274
UHF0120	CHP01758	0.0822
UHF0120	CHP02024	0.0822
UHF0120	CHP06220	0.0822
UHF0120	CHP03283	0.0822
UHF0120	CHP02405	0.0822
UHF0120	CHP04571	0.0411
UHF0121	CHP00608	0.4839
UHF0121	CHP02405	0.3226
UHF0121	CHP05360	0.1935
UHF0122	CHP06212	0.5556
UHF0122	CHP06320	0.0556
UHF0122	CHP05557	0.0556
UHF0122	CHP04368	0.0556
UHF0122	CHP01968	0.0556
UHF0122	CHP03013	0.0556
UHF0122	CHP03130	0.0556
UHF0122	CHP02405	0.0556
UHF0122	CHP01118	0.0556
UHF0106	CHP04126	0.6522
UHF0106	CHP06282	0.1304
UHF0106	CHP00216	0.1304
UHF0106	CHP00360	0.0652
UHF0106	CHP06001	0.0217
UHF0118	CHP03120	0.2711
UHF0118	CHP06224	0.2711
UHF0118	CHP03124	0.1506
UHF0118	CHP00608	0.1506
UHF0118	CHP03800	0.0602
UHF0118	CHP06320	0.0602
UHF0118	CHP02839	0.0361
UHF0414	CHP06251	0.4
UHF0414	CHP01367	0.4
UHF0414	CHP06167	0.2
UHF0415	CHP05491	0.5
UHF0415	CHP00543	0.5
UHF0413	CHP05491	0.5
UHF0413	CHP01898	0.5
UHF0411	CHP01138	0.6667
UHF0411	CHP03973	0.1667
UHF0411	CHP05790	0.1667
UHF0412	CHP05104	0.5882
UHF0412	CHP06255	0.1029
UHF0412	CHP01516	0.1029
UHF0412	CHP04888	0.1029
UHF0412	CHP04863	0.1029
UHF0417	CHP03672	0.3333
UHF0417	CHP04629	0.3333
UHF0417	CHP02748	0.3333
UHF0421	CHP03130	1.0
UHF0419	CHP04888	0.125
UHF0419	CHP01138	0.125
UHF0419	CHP05790	0.125
UHF0419	CHP05878	0.125
UHF0419	CHP06384	0.125
UHF0419	CHP06167	0.125
UHF0419	CHP05996	0.0625
UHF0419	CHP06144	0.0542
UHF0419	CHP04106	0.0542
UHF0419	CHP01864	0.0542
UHF0419	CHP06264	0.025
UHF0416	CHP05807	0.75
UHF0416	CHP06176	0.25
UHF0410	CHP01399	0.2362
UHF0410	CHP04888	0.2362
UHF0410	CHP01898	0.2362
UHF0410	CHP00779	0.2362
UHF0410	CHP05888	0.0551
UHF0418	CHP06144	0.3333
UHF0418	CHP03198	0.3333
UHF0418	CHP06175	0.3333
UHF0420	CHP03130	0.3333
UHF0420	CHP06391	0.3333
UHF0420	CHP06128	0.3333
UHF0195	CHP03283	0.3529
UHF0195	CHP00997	0.1765
UHF0195	CHP04482	0.1176
UHF0195	CHP00238	0.1176
UHF0195	CHP01146	0.1176
UHF0195	CHP05607	0.1176
UHF0196	CHP04453	0.5
UHF0196	CHP03997	0.5
UHF0152	CHP02750	0.5714
UHF0152	CHP06276	0.0286
UHF0152	CHP06282	0.0286
UHF0152	CHP06363	0.0286
UHF0152	CHP06210	0.0286
UHF0152	CHP04106	0.0286
UHF0152	CHP04482	0.0286
UHF0152	CHP01127	0.0286
UHF0152	CHP02023	0.0286
UHF0152	CHP00306	0.0286
UHF0152	CHP00844	0.0286
UHF0152	CHP03198	0.0286
UHF0152	CHP00360	0.0286
UHF0152	CHP03344	0.0286
UHF0152	CHP04571	0.0286
UHF0152	CHP00779	0.0286
UHF0153	CHP02750	0.5556
UHF0153	CHP06276	0.0278
UHF0153	CHP06240	0.0278
UHF0153	CHP06282	0.0278
UHF0153	CHP06363	0.0278
UHF0153	CHP06210	0.0278
UHF0153	CHP04764	0.0278
UHF0153	CHP04259	0.0278
UHF0153	CHP04106	0.0278
UHF0153	CHP04482	0.0278
UHF0153	CHP02023	0.0278
UHF0153	CHP00306	0.0278
UHF0153	CHP00844	0.0278
UHF0153	CHP03198	0.0278
UHF0153	CHP03344	0.0278
UHF0153	CHP04571	0.0278
UHF0153	CHP00779	0.0278
UHF0154	CHP02750	0.5312
UHF0154	CHP06276	0.0312
UHF0154	CHP06229	0.0312
UHF0154	CHP06328	0.0312
UHF0154	CHP06282	0.0312
UHF0154	CHP06210	0.0312
UHF0154	CHP04764	0.0312
UHF0154	CHP04888	0.0312
UHF0154	CHP04259	0.0312
UHF0154	CHP04106	0.0312
UHF0154	CHP04482	0.0312
UHF0154	CHP02023	0.0312
UHF0154	CHP03198	0.0312
UHF0154	CHP03344	0.0312
UHF0154	CHP04571	0.0312
UHF0154	CHP01871	0.0312
UHF0197	CHP06212	0.7547
UHF0197	CHP03343	0.0377
UHF0197	CHP06240	0.0377
UHF0197	CHP05304	0.0377
UHF0197	CHP03352	0.0377
UHF0197	CHP02748	0.0377
UHF0197	CHP03975	0.0226
UHF0197	CHP01146	0.0226
UHF0197	CHP06231	0.0057
UHF0197	CHP00779	0.0057
UHF0163	CHP02557	0.3947
UHF0163	CHP04065	0.1974
UHF0163	CHP05195	0.0789
UHF0163	CHP03342	0.0789
UHF0163	CHP01326	0.0658
UHF0163	CHP06282	0.0395
UHF0163	CHP04764	0.0395
UHF0163	CHP00844	0.0395
UHF0163	CHP00360	0.0395
UHF0163	CHP03192	0.0197
UHF0163	CHP06001	0.0066
UHF0182	CHP05255	0.7463
UHF0182	CHP02750	0.0498
UHF0182	CHP06282	0.0249
UHF0182	CHP04482	0.0249
UHF0182	CHP01127	0.0249
UHF0182	CHP00779	0.0249
UHF0182	CHP03343	0.0149
UHF0182	CHP01416	0.0149
UHF0182	CHP00306	0.0149
UHF0182	CHP00844	0.0149
UHF0182	CHP03342	0.0149
UHF0182	CHP00316	0.0149
UHF0182	CHP01326	0.0149
UHF0166	CHP06210	0.1634
UHF0166	CHP01757	0.1634
UHF0166	CHP02219	0.1634
UHF0166	CHP03997	0.1634
UHF0166	CHP04065	0.0654
UHF0166	CHP06279	0.0654
UHF0166	CHP03975	0.0654
UHF0166	CHP04000	0.0654
UHF0166	CHP05469	0.0654
UHF0166	CHP00306	0.0196
UHF0167	CHP02239	0.3333
UHF0167	CHP06246	0.3333
UHF0167	CHP00191	0.3333
UHF0168	CHP03299	0.5882
UHF0168	CHP06246	0.1765
UHF0168	CHP01368	0.1176
UHF0168	CHP01146	0.1176
UHF0165	CHP00004	0.1429
UHF0165	CHP06282	0.1429
UHF0165	CHP04764	0.1429
UHF0165	CHP00099	0.1429
UHF0165	CHP00240	0.1429
UHF0165	CHP00274	0.1429
UHF0165	CHP00779	0.1429
UHF0170	CHP05607	0.1818
UHF0170	CHP04382	0.0909
UHF0170	CHP00004	0.0909
UHF0170	CHP06282	0.0909
UHF0170	CHP01528	0.0909
UHF0170	CHP01757	0.0909
UHF0170	CHP02750	0.0909
UHF0170	CHP00059	0.0909
UHF0170	CHP05360	0.0909
UHF0170	CHP00779	0.0909
UHF0169	CHP06227	0.5714
UHF0169	CHP02685	0.0714
UHF0169	CHP06256	0.0714
UHF0169	CHP00308	0.0714
UHF0169	CHP05255	0.0714
UHF0169	CHP04902	0.0714
UHF0169	CHP01119	0.0714
UHF0156	CHP03352	0.3636
UHF0156	CHP06236	0.3636
UHF0156	CHP03731	0.1818
UHF0156	CHP05607	0.0909
UHF0157	CHP05807	0.315
UHF0157	CHP04065	0.1575
UHF0157	CHP02751	0.1575
UHF0157	CHP03120	0.1575
UHF0157	CHP01368	0.0472
UHF0157	CHP06320	0.0472
UHF0157	CHP01118	0.0394
UHF0157	CHP06193	0.0315
UHF0157	CHP06282	0.0236
UHF0157	CHP01757	0.0236
UHF0175	CHP01399	0.125
UHF0175	CHP03731	0.125
UHF0175	CHP04902	0.125
UHF0175	CHP03352	0.125
UHF0175	CHP06236	0.125
UHF0175	CHP02685	0.0833
UHF0175	CHP05255	0.0833
UHF0175	CHP00308	0.0833
UHF0175	CHP00004	0.0417
UHF0175	CHP04473	0.0417
UHF0175	CHP05607	0.0417
UHF0193	CHP05807	0.7407
UHF0193	CHP01368	0.0741
UHF0193	CHP06212	0.0741
UHF0193	CHP06282	0.0111
UHF0193	CHP04150	0.0111
UHF0193	CHP01515	0.0111
UHF0193	CHP00844	0.0111
UHF0193	CHP00316	0.0111
UHF0193	CHP00238	0.0111
UHF0193	CHP01146	0.0111
UHF0193	CHP01326	0.0111
UHF0193	CHP01323	0.0111
UHF0193	CHP00779	0.0111
UHF0194	CHP03704	0.4667
UHF0194	CHP01399	0.1333
UHF0194	CHP01515	0.1333
UHF0194	CHP01146	0.1333
UHF0194	CHP05607	0.1333
UHF0174	CHP04368	1.0
UHF0171	CHP06212	0.6935
UHF0171	CHP03013	0.0499
UHF0171	CHP02566	0.0499
UHF0171	CHP04047	0.0499
UHF0171	CHP03342	0.0416
UHF0171	CHP05914	0.0166
UHF0171	CHP06396	0.0166
UHF0171	CHP03319	0.0166
UHF0171	CHP06202	0.0166
UHF0171	CHP01110	0.0166
UHF0171	CHP00306	0.0139
UHF0171	CHP06001	0.0083
UHF0171	CHP04867	0.0055
UHF0171	CHP06161	0.0042
UHF0172	CHP02748	0.25
UHF0172	CHP04571	0.1667
UHF0172	CHP03969	0.1667
UHF0172	CHP00640	0.1667
UHF0172	CHP04482	0.0625
UHF0172	CHP01127	0.0625
UHF0172	CHP00306	0.0625
UHF0172	CHP03344	0.0625
UHF0173	CHP06212	0.8333
UHF0173	CHP04591	0.0467
UHF0173	CHP03013	0.0333
UHF0173	CHP04106	0.0333
UHF0173	CHP00356	0.0333
UHF0173	CHP06396	0.02
UHF0190	CHP06212	0.6443
UHF0190	CHP04065	0.0966
UHF0190	CHP05195	0.0322
UHF0190	CHP05194	0.0322
UHF0190	CHP05007	0.0206
UHF0190	CHP03306	0.0193
UHF0190	CHP06320	0.0155
UHF0190	CHP03013	0.0129
UHF0190	CHP04047	0.0129
UHF0190	CHP06220	0.0129
UHF0190	CHP03731	0.0129
UHF0190	CHP04861	0.0129
UHF0190	CHP00289	0.0129
UHF0190	CHP06241	0.0077
UHF0190	CHP06279	0.0077
UHF0190	CHP04591	0.0077
UHF0190	CHP04106	0.0077
UHF0190	CHP01118	0.0077
UHF0190	CHP03283	0.0077
UHF0190	CHP04697	0.0077
UHF0190	CHP01326	0.0077
UHF0189	CHP00308	0.2145
UHF0189	CHP02685	0.1072
UHF0189	CHP05255	0.1072
UHF0189	CHP01399	0.1072
UHF0189	CHP04591	0.1072
UHF0189	CHP01515	0.0643
UHF0189	CHP00238	0.0643
UHF0189	CHP06288	0.0322
UHF0189	CHP04150	0.0322
UHF0189	CHP00315	0.0322
UHF0189	CHP00240	0.0322
UHF0189	CHP00844	0.0322
UHF0189	CHP01146	0.0322
UHF0189	CHP03130	0.0322
UHF0189	CHP06212	0.0027
UHF0179	CHP04382	0.25
UHF0179	CHP00004	0.25
UHF0179	CHP03731	0.25
UHF0179	CHP03352	0.25
UHF0176	CHP04124	0.6818
UHF0176	CHP01519	0.1591
UHF0176	CHP06210	0.1591
UHF0177	CHP01757	1.0
UHF0178	CHP04888	0.3704
UHF0178	CHP03800	0.2593
UHF0178	CHP06175	0.1111
UHF0178	CHP06242	0.0864
UHF0178	CHP03352	0.0864
UHF0178	CHP02748	0.0864
UHF0180	CHP01757	0.4087
UHF0180	CHP00844	0.4087
UHF0180	CHP06212	0.0817
UHF0180	CHP00316	0.0136
UHF0180	CHP05914	0.0082
UHF0180	CHP04047	0.0054
UHF0180	CHP06282	0.0054
UHF0180	CHP00216	0.0054
UHF0180	CHP01871	0.0054
UHF0180	CHP06231	0.0041
UHF0180	CHP04106	0.0041
UHF0180	CHP01416	0.0041
UHF0180	CHP00289	0.0041
UHF0180	CHP00001	0.0041
UHF0180	CHP00948	0.0041
UHF0180	CHP04382	0.0027
UHF0180	CHP03343	0.0027
UHF0180	CHP00004	0.0027
UHF0180	CHP04591	0.0027
UHF0180	CHP01127	0.0027
UHF0180	CHP01161	0.0027
UHF0180	CHP00306	0.0027
UHF0180	CHP03342	0.0027
UHF0180	CHP06001	0.0027
UHF0180	CHP00238	0.0027
UHF0180	CHP01146	0.0027
UHF0180	CHP00779	0.0027
UHF0181	CHP06328	0.3333
UHF0181	CHP05983	0.3333
UHF0181	CHP03998	0.3333
UHF0142	CHP00997	0.4886
UHF0142	CHP06224	0.3257
UHF0142	CHP01368	0.0521
UHF0142	CHP02750	0.0521
UHF0142	CHP03013	0.0521
UHF0142	CHP06320	0.0098
UHF0142	CHP03130	0.0098
UHF0142	CHP02305	0.0098
UHF0143	CHP01368	0.2222
UHF0143	CHP03120	0.2222
UHF0143	CHP06224	0.2222
UHF0143	CHP04065	0.1111
UHF0143	CHP06320	0.1111
UHF0143	CHP06282	0.0556
UHF0143	CHP01118	0.0556
UHF0144	CHP01368	0.2222
UHF0144	CHP03120	0.2222
UHF0144	CHP06224	0.2222
UHF0144	CHP04065	0.1111
UHF0144	CHP06320	0.1111
UHF0144	CHP06282	0.0556
UHF0144	CHP01118	0.0556
UHF0162	CHP00389	0.25
UHF0162	CHP01399	0.25
UHF0162	CHP06355	0.25
UHF0162	CHP03344	0.25
UHF0186	CHP00004	0.125
UHF0186	CHP06282	0.125
UHF0186	CHP04764	0.125
UHF0186	CHP00099	0.125
UHF0186	CHP00240	0.125
UHF0186	CHP03352	0.125
UHF0186	CHP00274	0.125
UHF0186	CHP00238	0.125
UHF0184	CHP00608	0.292
UHF0184	CHP04449	0.292
UHF0184	CHP02113	0.292
UHF0184	CHP02023	0.0365
UHF0184	CHP06224	0.0263
UHF0184	CHP06256	0.019
UHF0184	CHP05194	0.019
UHF0184	CHP04106	0.0073
UHF0184	CHP00844	0.0073
UHF0184	CHP00316	0.0073
UHF0184	CHP05408	0.0015
UHF0185	CHP05807	0.8108
UHF0185	CHP01515	0.027
UHF0185	CHP01161	0.027
UHF0185	CHP00238	0.027
UHF0185	CHP05360	0.027
UHF0185	CHP01146	0.027
UHF0185	CHP05607	0.027
UHF0185	CHP01326	0.027
UHF0138	CHP02685	0.0769
UHF0138	CHP06246	0.0769
UHF0138	CHP05255	0.0769
UHF0138	CHP04258	0.0769
UHF0138	CHP04473	0.0769
UHF0138	CHP03342	0.0769
UHF0138	CHP03198	0.0769
UHF0138	CHP00238	0.0769
UHF0138	CHP06167	0.0769
UHF0138	CHP01146	0.0769
UHF0138	CHP04036	0.0769
UHF0138	CHP01898	0.0769
UHF0138	CHP01326	0.0769
UHF0139	CHP02750	0.5774
UHF0139	CHP06246	0.1386
UHF0139	CHP01368	0.1386
UHF0139	CHP01146	0.1039
UHF0139	CHP01818	0.0416
UHF0140	CHP01368	0.3333
UHF0140	CHP06246	0.3333
UHF0140	CHP01399	0.3333
UHF0141	CHP04036	1.0
UHF0155	CHP00004	0.1111
UHF0155	CHP04473	0.1111
UHF0155	CHP05360	0.1111
UHF0155	CHP01515	0.1111
UHF0155	CHP00003	0.1111
UHF0155	CHP00238	0.1111
UHF0155	CHP01146	0.1111
UHF0155	CHP01323	0.1111
UHF0155	CHP01771	0.1111
UHF0160	CHP03130	0.2222
UHF0160	CHP01334	0.2222
UHF0160	CHP04065	0.0556
UHF0160	CHP01368	0.0556
UHF0160	CHP01515	0.0556
UHF0160	CHP01644	0.0556
UHF0160	CHP00239	0.0556
UHF0160	CHP00844	0.0556
UHF0160	CHP00216	0.0556
UHF0160	CHP06176	0.0556
UHF0160	CHP01326	0.0556
UHF0160	CHP01323	0.0556
UHF0161	CHP03130	0.3846
UHF0161	CHP01334	0.3846
UHF0161	CHP02443	0.0769
UHF0161	CHP01118	0.0385
UHF0161	CHP05841	0.0385
UHF0161	CHP01515	0.0385
UHF0161	CHP05996	0.0385
UHF0159	CHP06212	0.9174
UHF0159	CHP03352	0.0344
UHF0159	CHP04106	0.0275
UHF0159	CHP04902	0.0206
UHF0136	CHP03997	0.3191
UHF0136	CHP06355	0.2553
UHF0136	CHP01515	0.1277
UHF0136	CHP00238	0.1277
UHF0136	CHP01693	0.1064
UHF0136	CHP01146	0.0638
UHF0135	CHP06240	0.2
UHF0135	CHP05321	0.2
UHF0135	CHP01161	0.2
UHF0135	CHP03352	0.2
UHF0135	CHP05607	0.2
UHF0137	CHP05807	0.8562
UHF0137	CHP00306	0.0205
UHF0137	CHP00059	0.0205
UHF0137	CHP05321	0.0171
UHF0137	CHP01515	0.0171
UHF0137	CHP00238	0.0171
UHF0137	CHP01519	0.0103
UHF0137	CHP06210	0.0103
UHF0137	CHP04473	0.0103
UHF0137	CHP04571	0.0103
UHF0137	CHP05607	0.0103
UHF0164	CHP00004	0.25
UHF0164	CHP00306	0.25
UHF0164	CHP03343	0.1667
UHF0164	CHP00844	0.1667
UHF0164	CHP03342	0.1667
UHF0192	CHP04065	0.1509
UHF0192	CHP01368	0.1132
UHF0192	CHP02239	0.083
UHF0192	CHP06285	0.083
UHF0192	CHP00308	0.083
UHF0192	CHP06231	0.083
UHF0192	CHP05607	0.083
UHF0192	CHP03283	0.0755
UHF0192	CHP02750	0.0377
UHF0192	CHP01146	0.0377
UHF0192	CHP05104	0.0377
UHF0192	CHP05841	0.0189
UHF0192	CHP06210	0.0189
UHF0192	CHP01515	0.0189
UHF0192	CHP01757	0.0189
UHF0192	CHP06146	0.0189
UHF0192	CHP05169	0.0189
UHF0192	CHP01771	0.0189
UHF0191	CHP06212	0.3711
UHF0191	CHP03130	0.2226
UHF0191	CHP04065	0.0223
UHF0191	CHP02566	0.0223
UHF0191	CHP06286	0.0223
UHF0191	CHP03975	0.0223
UHF0191	CHP04047	0.0223
UHF0191	CHP05194	0.0223
UHF0191	CHP00308	0.0223
UHF0191	CHP02750	0.0223
UHF0191	CHP04382	0.0111
UHF0191	CHP03343	0.0111
UHF0191	CHP06241	0.0111
UHF0191	CHP06231	0.0111
UHF0191	CHP03731	0.0111
UHF0191	CHP06157	0.0111
UHF0191	CHP05255	0.0111
UHF0191	CHP05294	0.0111
UHF0191	CHP04106	0.0111
UHF0191	CHP01161	0.0111
UHF0191	CHP00289	0.0111
UHF0191	CHP00274	0.0111
UHF0191	CHP00099	0.0111
UHF0191	CHP02557	0.0111
UHF0191	CHP03635	0.0111
UHF0191	CHP06236	0.0111
UHF0191	CHP06202	0.0111
UHF0191	CHP00972	0.0111
UHF0191	CHP01316	0.0111
UHF0191	CHP06282	0.0056
UHF0191	CHP05914	0.0037
UHF0191	CHP06396	0.0037
UHF0191	CHP06161	0.0037
UHF0183	CHP06212	0.7139
UHF0183	CHP00306	0.0571
UHF0183	CHP04065	0.0343
UHF0183	CHP04867	0.0228
UHF0183	CHP03343	0.0171
UHF0183	CHP01757	0.0171
UHF0183	CHP00289	0.0171
UHF0183	CHP03342	0.0171
UHF0183	CHP06231	0.0114
UHF0183	CHP01161	0.0114
UHF0183	CHP01323	0.0114
UHF0183	CHP06001	0.0086
UHF0183	CHP06246	0.0057
UHF0183	CHP05914	0.0057
UHF0183	CHP06287	0.0057
UHF0183	CHP04764	0.0057
UHF0183	CHP01515	0.0057
UHF0183	CHP02219	0.0057
UHF0183	CHP06396	0.0057
UHF0183	CHP00238	0.0057
UHF0183	CHP01146	0.0057
UHF0183	CHP00779	0.0057
UHF0183	CHP06161	0.0034
UHF0187	CHP01368	0.4
UHF0187	CHP06264	0.4
UHF0187	CHP03052	0.2
UHF0188	CHP05807	0.6363
UHF0188	CHP06212	0.2121
UHF0188	CHP01515	0.0212
UHF0188	CHP01127	0.0212
UHF0188	CHP00844	0.0212
UHF0188	CHP00316	0.0212
UHF0188	CHP03344	0.0212
UHF0188	CHP01146	0.0212
UHF0188	CHP00779	0.0212
UHF0188	CHP00306	0.0032
UHF0145	CHP00306	0.2
UHF0145	CHP04764	0.1143
UHF0145	CHP01519	0.0686
UHF0145	CHP04473	0.0686
UHF0145	CHP04482	0.0686
UHF0145	CHP01757	0.0686
UHF0145	CHP02748	0.0686
UHF0145	CHP00513	0.0686
UHF0145	CHP06229	0.0571
UHF0145	CHP06282	0.0571
UHF0145	CHP01118	0.0571
UHF0145	CHP03198	0.0343
UHF0145	CHP06328	0.0171
UHF0145	CHP03344	0.0171
UHF0145	CHP04571	0.0171
UHF0145	CHP02904	0.0171
UHF0148	CHP06212	0.177
UHF0148	CHP03013	0.0664
UHF0148	CHP02566	0.0664
UHF0148	CHP04047	0.0664
UHF0148	CHP04902	0.0664
UHF0148	CHP04322	0.0664
UHF0148	CHP04106	0.0664
UHF0148	CHP02750	0.0664
UHF0148	CHP04629	0.0664
UHF0148	CHP06157	0.0664
UHF0148	CHP06202	0.0664
UHF0148	CHP06144	0.0398
UHF0148	CHP00274	0.0398
UHF0148	CHP04697	0.0398
UHF0148	CHP06396	0.0265
UHF0148	CHP06001	0.0133
UHF0149	CHP03013	0.0806
UHF0149	CHP04047	0.0806
UHF0149	CHP05682	0.0806
UHF0149	CHP04106	0.0806
UHF0149	CHP05996	0.0806
UHF0149	CHP06396	0.0806
UHF0149	CHP06231	0.0484
UHF0149	CHP00306	0.0484
UHF0149	CHP00289	0.0484
UHF0149	CHP02750	0.0484
UHF0149	CHP00001	0.0484
UHF0149	CHP03344	0.0484
UHF0149	CHP06157	0.0484
UHF0149	CHP03672	0.0403
UHF0149	CHP00360	0.0403
UHF0149	CHP06282	0.0242
UHF0149	CHP00844	0.0242
UHF0149	CHP06128	0.0242
UHF0149	CHP05914	0.0121
UHF0149	CHP06001	0.0121
UHF0150	CHP06212	0.4878
UHF0150	CHP06231	0.0488
UHF0150	CHP00289	0.0488
UHF0150	CHP00001	0.0488
UHF0150	CHP05996	0.0488
UHF0150	CHP06157	0.0488
UHF0150	CHP06202	0.0488
UHF0150	CHP00948	0.0488
UHF0150	CHP05914	0.0244
UHF0150	CHP04047	0.0122
UHF0150	CHP06282	0.0122
UHF0150	CHP05682	0.0122
UHF0150	CHP04106	0.0122
UHF0150	CHP01127	0.0122
UHF0150	CHP00306	0.0122
UHF0150	CHP00339	0.0122
UHF0150	CHP00844	0.0122
UHF0150	CHP06001	0.0122
UHF0150	CHP06128	0.0122
UHF0150	CHP01323	0.0122
UHF0150	CHP00779	0.0122
UHF0151	CHP06212	0.3313
UHF0151	CHP06396	0.1035
UHF0151	CHP06161	0.1035
UHF0151	CHP06231	0.0331
UHF0151	CHP01127	0.0331
UHF0151	CHP00289	0.0331
UHF0151	CHP00339	0.0331
UHF0151	CHP00001	0.0331
UHF0151	CHP05996	0.0331
UHF0151	CHP00316	0.0331
UHF0151	CHP06128	0.0331
UHF0151	CHP06157	0.0331
UHF0151	CHP00948	0.0331
UHF0151	CHP00779	0.0331
UHF0151	CHP00306	0.0207
UHF0151	CHP06004	0.0207
UHF0151	CHP06355	0.0124
UHF0151	CHP06001	0.0124
UHF0151	CHP00238	0.0124
UHF0151	CHP01146	0.0124
UHF0151	CHP05914	0.0062
UHF0147	CHP00001	0.1099
UHF0147	CHP05996	0.1099
UHF0147	CHP06157	0.1099
UHF0147	CHP06202	0.1099
UHF0147	CHP00948	0.1099
UHF0147	CHP06231	0.0549
UHF0147	CHP01127	0.0549
UHF0147	CHP00289	0.0549
UHF0147	CHP00339	0.0549
UHF0147	CHP00316	0.0549
UHF0147	CHP00779	0.0549
UHF0147	CHP00238	0.044
UHF0147	CHP01146	0.044
UHF0147	CHP06001	0.033
UHF0146	CHP01519	0.0691
UHF0146	CHP06210	0.0691
UHF0146	CHP01146	0.0691
UHF0146	CHP05607	0.0691
UHF0146	CHP06264	0.0552
UHF0146	CHP06328	0.0552
UHF0146	CHP06282	0.0552
UHF0146	CHP04764	0.0552
UHF0146	CHP04482	0.0552
UHF0146	CHP03198	0.0552
UHF0146	CHP03344	0.0552
UHF0146	CHP00640	0.0552
UHF0146	CHP02443	0.0552
UHF0146	CHP06280	0.0359
UHF0146	CHP03672	0.0359
UHF0146	CHP06241	0.0331
UHF0146	CHP06276	0.0304
UHF0146	CHP00238	0.0304
UHF0146	CHP00035	0.0276
UHF0146	CHP04571	0.0166
UHF0146	CHP00513	0.0166
UHF0134	CHP06242	0.1235
UHF0134	CHP06241	0.1235
UHF0134	CHP03731	0.1235
UHF0134	CHP03352	0.1111
UHF0134	CHP04000	0.0741
UHF0134	CHP04047	0.0741
UHF0134	CHP05682	0.0741
UHF0134	CHP04106	0.0741
UHF0134	CHP00384	0.0741
UHF0134	CHP00640	0.0741
UHF0134	CHP02265	0.0741
UHF0158	CHP06246	0.125
UHF0158	CHP06287	0.125
UHF0158	CHP06355	0.125
UHF0158	CHP01161	0.125
UHF0158	CHP00306	0.125
UHF0158	CHP02219	0.125
UHF0158	CHP00316	0.125
UHF0158	CHP00238	0.125
UHF0369	CHP06212	0.2927
UHF0369	CHP04902	0.1951
UHF0369	CHP02685	0.1463
UHF0369	CHP00308	0.1463
UHF0369	CHP05255	0.1463
UHF0369	CHP04065	0.0732
UHF0362	CHP01757	0.25
UHF0362	CHP02685	0.125
UHF0362	CHP00308	0.125
UHF0362	CHP03475	0.125
UHF0362	CHP05255	0.125
UHF0362	CHP04902	0.125
UHF0362	CHP02750	0.125
UHF0364	CHP00004	0.188
UHF0364	CHP00216	0.188
UHF0364	CHP04065	0.1128
UHF0364	CHP02685	0.0677
UHF0364	CHP05255	0.0677
UHF0364	CHP06210	0.0677
UHF0364	CHP04150	0.0451
UHF0364	CHP01515	0.0451
UHF0364	CHP06146	0.0451
UHF0364	CHP04863	0.0376
UHF0364	CHP00844	0.0376
UHF0364	CHP00059	0.0376
UHF0364	CHP01127	0.0376
UHF0364	CHP03344	0.0226
UHF0365	CHP04065	0.1463
UHF0365	CHP02685	0.0976
UHF0365	CHP05255	0.0976
UHF0365	CHP01515	0.0976
UHF0365	CHP00308	0.0976
UHF0365	CHP00238	0.0976
UHF0365	CHP05194	0.0732
UHF0365	CHP04173	0.0488
UHF0365	CHP06231	0.0488
UHF0365	CHP05294	0.0488
UHF0365	CHP00289	0.0488
UHF0365	CHP01146	0.0488
UHF0365	CHP05104	0.0488
UHF0368	CHP06212	0.6186
UHF0368	CHP04065	0.1031
UHF0368	CHP03013	0.0619
UHF0368	CHP02685	0.0619
UHF0368	CHP05255	0.0619
UHF0368	CHP00308	0.0619
UHF0368	CHP00306	0.0206
UHF0368	CHP06001	0.0103
UHF0367	CHP04902	0.3472
UHF0367	CHP00997	0.3472
UHF0367	CHP02685	0.0556
UHF0367	CHP05255	0.0556
UHF0367	CHP00308	0.0556
UHF0367	CHP06256	0.0347
UHF0367	CHP06163	0.0347
UHF0367	CHP06282	0.0278
UHF0367	CHP03013	0.0139
UHF0367	CHP03672	0.0139
UHF0367	CHP04861	0.0139
UHF0366	CHP02685	0.3333
UHF0366	CHP05255	0.3333
UHF0366	CHP00308	0.3333
UHF0370	CHP06264	0.3831
UHF0370	CHP01368	0.2299
UHF0370	CHP02685	0.1149
UHF0370	CHP05255	0.1149
UHF0370	CHP06323	0.0575
UHF0370	CHP02009	0.0383
UHF0370	CHP01757	0.0383
UHF0370	CHP06282	0.023
UHF0371	CHP01368	0.2479
UHF0371	CHP00997	0.2479
UHF0371	CHP02750	0.2479
UHF0371	CHP04065	0.0826
UHF0371	CHP02685	0.0551
UHF0371	CHP00308	0.0551
UHF0371	CHP05255	0.0551
UHF0371	CHP01146	0.0083
UHF0373	CHP04065	0.3695
UHF0373	CHP01368	0.0788
UHF0373	CHP00308	0.0788
UHF0373	CHP06282	0.0788
UHF0373	CHP05255	0.0788
UHF0373	CHP04861	0.0788
UHF0373	CHP04258	0.0788
UHF0373	CHP00997	0.0788
UHF0373	CHP03130	0.0788
UHF0372	CHP02685	0.1571
UHF0372	CHP05255	0.1571
UHF0372	CHP00308	0.1571
UHF0372	CHP01368	0.0785
UHF0372	CHP04861	0.0785
UHF0372	CHP04258	0.0785
UHF0372	CHP06282	0.0628
UHF0372	CHP03672	0.0628
UHF0372	CHP06163	0.0628
UHF0372	CHP06210	0.0524
UHF0372	CHP01757	0.0524
UHF0363	CHP00308	0.1923
UHF0363	CHP04258	0.1282
UHF0363	CHP01368	0.0897
UHF0363	CHP05255	0.0897
UHF0363	CHP02685	0.0897
UHF0363	CHP04861	0.0641
UHF0363	CHP00997	0.0513
UHF0363	CHP06366	0.0385
UHF0363	CHP06176	0.0385
UHF0363	CHP00948	0.0385
UHF0363	CHP06282	0.0256
UHF0363	CHP05486	0.0256
UHF0363	CHP01757	0.0256
UHF0363	CHP00844	0.0256
UHF0363	CHP03342	0.0256
UHF0363	CHP01326	0.0256
UHF0363	CHP00779	0.0256
UHF0361	CHP02685	0.2041
UHF0361	CHP05255	0.2041
UHF0361	CHP01368	0.102
UHF0361	CHP04258	0.102
UHF0361	CHP00997	0.102
UHF0361	CHP03871	0.068
UHF0361	CHP04861	0.068
UHF0361	CHP02750	0.068
UHF0361	CHP06146	0.0408
UHF0361	CHP01757	0.0408
UHF0374	CHP02685	0.3
UHF0374	CHP05255	0.3
UHF0374	CHP00997	0.3
UHF0374	CHP04065	0.1
UHF0375	CHP02685	0.25
UHF0375	CHP05255	0.25
UHF0375	CHP00308	0.25
UHF0375	CHP06016	0.25
UHF0360	CHP01368	0.159
UHF0360	CHP05255	0.106
UHF0360	CHP00308	0.106
UHF0360	CHP04258	0.106
UHF0360	CHP04861	0.0742
UHF0360	CHP06366	0.053
UHF0360	CHP03664	0.0424
UHF0360	CHP04150	0.0424
UHF0360	CHP01515	0.0424
UHF0360	CHP00238	0.0424
UHF0360	CHP03672	0.0353
UHF0360	CHP03352	0.0353
UHF0360	CHP02904	0.0353
UHF0360	CHP01146	0.0353
UHF0360	CHP06282	0.0212
UHF0360	CHP01757	0.0212
UHF0360	CHP00339	0.0212
UHF0360	CHP00779	0.0212
UHF0406	CHP04065	0.1667
UHF0406	CHP02751	0.1667
UHF0406	CHP01515	0.1667
UHF0406	CHP05878	0.1667
UHF0406	CHP06342	0.1667
UHF0406	CHP05195	0.0833
UHF0406	CHP02839	0.0833
UHF0461	CHP06212	0.5
UHF0461	CHP01118	0.25
UHF0461	CHP01690	0.25
UHF0460	CHP01118	0.25
UHF0460	CHP06241	0.25
UHF0460	CHP06212	0.25
UHF0460	CHP04697	0.25
UHF0459	CHP01118	0.8
UHF0459	CHP04697	0.2
UHF0462	CHP06246	0.1429
UHF0462	CHP01771	0.1429
UHF0462	CHP00238	0.1429
UHF0462	CHP06177	0.1429
UHF0462	CHP06176	0.1429
UHF0462	CHP06193	0.1429
UHF0462	CHP01898	0.1429
UHF0423	CHP03797	0.1493
UHF0423	CHP02839	0.1493
UHF0423	CHP02913	0.1493
UHF0423	CHP02750	0.1493
UHF0423	CHP01758	0.0746
UHF0423	CHP05557	0.0746
UHF0423	CHP06128	0.0746
UHF0423	CHP01516	0.0597
UHF0423	CHP03997	0.0597
UHF0423	CHP01519	0.0299
UHF0423	CHP02305	0.0299
UHF0225	CHP04322	0.6667
UHF0225	CHP03999	0.3333
UHF0224	CHP06224	0.3333
UHF0224	CHP03124	0.1667
UHF0224	CHP03999	0.1667
UHF0224	CHP00608	0.1667
UHF0224	CHP00451	0.1667
UHF0223	CHP05255	0.5
UHF0223	CHP04902	0.5
UHF0221	CHP00451	0.2874
UHF0221	CHP03999	0.1724
UHF0221	CHP03124	0.1609
UHF0221	CHP06224	0.1437
UHF0221	CHP00308	0.0891
UHF0221	CHP00608	0.0891
UHF0221	CHP06320	0.0287
UHF0221	CHP02023	0.0287
UHF0222	CHP06224	0.3968
UHF0222	CHP03999	0.1587
UHF0222	CHP03124	0.0794
UHF0222	CHP00308	0.0794
UHF0222	CHP03120	0.0794
UHF0222	CHP00608	0.0794
UHF0222	CHP00451	0.0794
UHF0222	CHP06320	0.0238
UHF0222	CHP02023	0.0238
UHF0218	CHP04322	0.2
UHF0218	CHP04333	0.2
UHF0218	CHP02756	0.2
UHF0218	CHP02748	0.2
UHF0218	CHP02305	0.2
UHF0219	CHP03999	0.2143
UHF0219	CHP02305	0.2143
UHF0219	CHP06320	0.1786
UHF0219	CHP02756	0.1786
UHF0219	CHP00608	0.131
UHF0219	CHP03124	0.0833
UHF0220	CHP03999	0.3529
UHF0220	CHP06266	0.2941
UHF0220	CHP04047	0.1765
UHF0220	CHP04902	0.1765
UHF0063	CHP02750	1.0
UHF0066	CHP06212	0.8264
UHF0066	CHP03013	0.0413
UHF0066	CHP00784	0.0248
UHF0066	CHP06231	0.0248
UHF0066	CHP04902	0.0248
UHF0066	CHP02023	0.0248
UHF0066	CHP00289	0.0248
UHF0066	CHP05914	0.0041
UHF0066	CHP06001	0.0041
UHF0065	CHP06212	0.7075
UHF0065	CHP05195	0.0731
UHF0065	CHP04065	0.0472
UHF0065	CHP04453	0.0472
UHF0065	CHP05194	0.0472
UHF0065	CHP06241	0.0142
UHF0065	CHP06279	0.0142
UHF0065	CHP04106	0.0142
UHF0065	CHP00306	0.0118
UHF0065	CHP06001	0.0118
UHF0065	CHP06396	0.0118
UHF0064	CHP03013	0.3678
UHF0064	CHP06220	0.1609
UHF0064	CHP04047	0.1149
UHF0064	CHP01127	0.1149
UHF0064	CHP02750	0.1149
UHF0064	CHP00306	0.069
UHF0064	CHP06001	0.0345
UHF0064	CHP05408	0.023
UHF0293	CHP05194	0.24
UHF0293	CHP05195	0.2
UHF0293	CHP02219	0.2
UHF0293	CHP03013	0.06
UHF0293	CHP06240	0.06
UHF0293	CHP04902	0.06
UHF0293	CHP06241	0.03
UHF0293	CHP06279	0.03
UHF0293	CHP04861	0.03
UHF0293	CHP01118	0.03
UHF0293	CHP02750	0.03
UHF0293	CHP04697	0.03
UHF0469	CHP05104	0.625
UHF0469	CHP04697	0.375
UHF0466	CHP05104	0.4
UHF0466	CHP04697	0.2
UHF0466	CHP04888	0.2
UHF0466	CHP02839	0.2
UHF0478	CHP06320	0.2
UHF0478	CHP02839	0.2
UHF0478	CHP01118	0.2
UHF0478	CHP00071	0.1333
UHF0478	CHP00534	0.1333
UHF0478	CHP06255	0.0667
UHF0478	CHP04888	0.0667
UHF0476	CHP03797	0.1739
UHF0476	CHP06217	0.1739
UHF0476	CHP02839	0.1739
UHF0476	CHP02913	0.1739
UHF0476	CHP06320	0.1304
UHF0476	CHP04047	0.087
UHF0476	CHP05682	0.087
UHF0477	CHP02751	0.4717
UHF0477	CHP05790	0.1887
UHF0477	CHP03797	0.0283
UHF0477	CHP03796	0.0283
UHF0477	CHP06264	0.0283
UHF0477	CHP04764	0.0283
UHF0477	CHP04888	0.0283
UHF0477	CHP05104	0.0283
UHF0477	CHP01516	0.0283
UHF0477	CHP00071	0.0283
UHF0477	CHP02839	0.0283
UHF0477	CHP02913	0.0283
UHF0477	CHP02748	0.0283
UHF0477	CHP06288	0.0142
UHF0477	CHP03977	0.0142
UHF0475	CHP03732	0.2941
UHF0475	CHP05255	0.2941
UHF0475	CHP06282	0.0588
UHF0475	CHP01127	0.0588
UHF0475	CHP02750	0.0588
UHF0475	CHP02265	0.0588
UHF0475	CHP03352	0.0588
UHF0475	CHP04047	0.0588
UHF0475	CHP00640	0.0588
UHF0473	CHP06320	0.25
UHF0473	CHP02839	0.25
UHF0473	CHP04888	0.1667
UHF0473	CHP04697	0.1667
UHF0473	CHP00534	0.1667
UHF0470	CHP02751	0.5
UHF0470	CHP03130	0.5
UHF0463	CHP01898	0.7692
UHF0463	CHP02568	0.0769
UHF0463	CHP06197	0.0769
UHF0463	CHP06191	0.0462
UHF0463	CHP03198	0.0308
UHF0464	CHP00288	0.75
UHF0464	CHP00557	0.1875
UHF0464	CHP06176	0.0625
UHF0465	CHP01898	0.1765
UHF0465	CHP06242	0.1176
UHF0465	CHP01399	0.1176
UHF0465	CHP05491	0.1176
UHF0465	CHP03342	0.1176
UHF0465	CHP02166	0.1176
UHF0465	CHP04629	0.1176
UHF0465	CHP06175	0.1176
UHF0467	CHP01118	0.25
UHF0467	CHP06144	0.25
UHF0467	CHP02405	0.25
UHF0467	CHP04047	0.25
UHF0474	CHP03130	0.625
UHF0474	CHP06221	0.1875
UHF0474	CHP06371	0.1875
UHF0480	CHP06255	1.0
UHF0479	CHP00147	1.0
UHF0471	CHP06320	0.5
UHF0471	CHP02305	0.5
UHF0472	CHP02751	0.2
UHF0472	CHP03130	0.2
UHF0472	CHP01644	0.2
UHF0472	CHP02405	0.2
UHF0472	CHP02113	0.2
UHF0468	CHP04047	0.5
UHF0468	CHP05682	0.5
UHF0228	CHP03871	1.0
UHF0062	CHP03800	0.3333
UHF0062	CHP02566	0.3333
UHF0062	CHP02023	0.3333
UHF0061	CHP04065	0.1
UHF0061	CHP03800	0.1
UHF0061	CHP06279	0.1
UHF0061	CHP06210	0.1
UHF0061	CHP06144	0.1
UHF0061	CHP01118	0.1
UHF0061	CHP02566	0.1
UHF0061	CHP02219	0.1
UHF0061	CHP05194	0.1
UHF0061	CHP04697	0.1
UHF0436	CHP04697	0.5556
UHF0436	CHP03797	0.1667
UHF0436	CHP02305	0.1667
UHF0436	CHP06320	0.1111
UHF0435	CHP06320	0.25
UHF0435	CHP02839	0.25
UHF0435	CHP02913	0.25
UHF0435	CHP02305	0.25
UHF0408	CHP01399	0.5
UHF0408	CHP06371	0.5
UHF0407	CHP06371	1.0
UHF0409	CHP04322	0.8197
UHF0409	CHP04697	0.1639
UHF0409	CHP04629	0.0164
UHF0088	CHP04002	0.4762
UHF0088	CHP06279	0.0794
UHF0088	CHP04124	0.0794
UHF0088	CHP05408	0.0794
UHF0088	CHP04106	0.0635
UHF0088	CHP02750	0.0635
UHF0088	CHP06255	0.0317
UHF0088	CHP02566	0.0317
UHF0088	CHP04047	0.0317
UHF0088	CHP05682	0.0317
UHF0088	CHP01118	0.0317
UHF0086	CHP06255	0.0909
UHF0086	CHP06241	0.0909
UHF0086	CHP06266	0.0909
UHF0086	CHP06217	0.0909
UHF0086	CHP03731	0.0909
UHF0086	CHP00306	0.0909
UHF0086	CHP00274	0.0909
UHF0086	CHP04867	0.0909
UHF0086	CHP02748	0.0909
UHF0086	CHP04697	0.0909
UHF0086	CHP02443	0.0909
UHF0087	CHP06217	0.125
UHF0087	CHP03704	0.125
UHF0087	CHP00306	0.125
UHF0087	CHP03635	0.125
UHF0087	CHP00360	0.125
UHF0087	CHP00274	0.125
UHF0087	CHP04867	0.125
UHF0087	CHP04697	0.125
UHF0085	CHP06242	0.0845
UHF0085	CHP01118	0.0845
UHF0085	CHP06241	0.0845
UHF0085	CHP06279	0.0845
UHF0085	CHP06217	0.0845
UHF0085	CHP03731	0.0845
UHF0085	CHP04629	0.0845
UHF0085	CHP00274	0.0845
UHF0085	CHP02748	0.0845
UHF0085	CHP04697	0.0845
UHF0085	CHP02443	0.0845
UHF0085	CHP04867	0.0423
UHF0085	CHP00306	0.0282
UHF0079	CHP06282	0.3571
UHF0079	CHP00360	0.3571
UHF0079	CHP02750	0.1786
UHF0079	CHP04106	0.1071
UHF0093	CHP02566	0.1667
UHF0093	CHP06279	0.1667
UHF0093	CHP05919	0.1667
UHF0093	CHP06144	0.1667
UHF0093	CHP03731	0.1667
UHF0093	CHP06175	0.1667
UHF0094	CHP03731	0.3
UHF0094	CHP06175	0.3
UHF0094	CHP06241	0.2
UHF0094	CHP06279	0.2
UHF0076	CHP06241	0.1667
UHF0076	CHP06210	0.1667
UHF0076	CHP06144	0.1667
UHF0076	CHP02219	0.1667
UHF0076	CHP03352	0.1667
UHF0076	CHP03997	0.1667
UHF0077	CHP03997	0.2941
UHF0077	CHP04065	0.1059
UHF0077	CHP02557	0.1059
UHF0077	CHP03975	0.1059
UHF0077	CHP06210	0.1059
UHF0077	CHP00356	0.1059
UHF0077	CHP02219	0.1059
UHF0077	CHP00306	0.0353
UHF0077	CHP04867	0.0353
UHF0073	CHP06144	0.1667
UHF0073	CHP03731	0.1667
UHF0073	CHP03344	0.1667
UHF0073	CHP06240	0.1389
UHF0073	CHP06241	0.1389
UHF0073	CHP02750	0.1389
UHF0073	CHP06279	0.0833
UHF0074	CHP06279	0.4
UHF0074	CHP04697	0.4
UHF0074	CHP03731	0.16
UHF0074	CHP06175	0.04
UHF0089	CHP06255	0.1633
UHF0089	CHP02566	0.1633
UHF0089	CHP04047	0.1633
UHF0089	CHP04106	0.1633
UHF0089	CHP02023	0.1633
UHF0089	CHP02750	0.1633
UHF0089	CHP05408	0.0204
UHF0090	CHP04106	0.625
UHF0090	CHP06279	0.1875
UHF0090	CHP02750	0.1875
UHF0091	CHP02566	0.2727
UHF0091	CHP02750	0.1818
UHF0091	CHP04106	0.1091
UHF0091	CHP06241	0.0545
UHF0091	CHP04000	0.0545
UHF0091	CHP06272	0.0545
UHF0091	CHP01118	0.0545
UHF0091	CHP04697	0.0545
UHF0091	CHP06240	0.0273
UHF0091	CHP03731	0.0273
UHF0091	CHP05996	0.0273
UHF0091	CHP06157	0.0273
UHF0091	CHP03306	0.0273
UHF0091	CHP00513	0.0273
UHF0096	CHP04106	0.2913
UHF0096	CHP01118	0.2913
UHF0096	CHP02566	0.1165
UHF0096	CHP06144	0.1165
UHF0096	CHP02750	0.1165
UHF0096	CHP03731	0.0583
UHF0096	CHP05408	0.0097
UHF0097	CHP02566	0.1639
UHF0097	CHP02750	0.1639
UHF0097	CHP04902	0.1093
UHF0097	CHP04106	0.1093
UHF0097	CHP01118	0.1093
UHF0097	CHP06242	0.0656
UHF0097	CHP06241	0.0656
UHF0097	CHP04047	0.0656
UHF0097	CHP06144	0.0656
UHF0097	CHP03731	0.0656
UHF0097	CHP05408	0.0164
UHF0098	CHP06255	0.3333
UHF0098	CHP06240	0.2222
UHF0098	CHP04000	0.2222
UHF0098	CHP06241	0.1111
UHF0098	CHP04697	0.1111
UHF0095	CHP06266	0.6098
UHF0095	CHP02566	0.122
UHF0095	CHP02023	0.122
UHF0095	CHP06255	0.0366
UHF0095	CHP04764	0.0366
UHF0095	CHP02750	0.0366
UHF0095	CHP00513	0.0366
UHF0067	CHP02566	0.1266
UHF0067	CHP06241	0.1266
UHF0067	CHP02750	0.1266
UHF0067	CHP06157	0.1266
UHF0067	CHP06144	0.0759
UHF0067	CHP03731	0.0759
UHF0067	CHP04106	0.0759
UHF0067	CHP01118	0.0759
UHF0067	CHP03306	0.0759
UHF0067	CHP04697	0.0759
UHF0067	CHP06240	0.038
UHF0078	CHP02566	0.0904
UHF0078	CHP06241	0.0904
UHF0078	CHP03975	0.0904
UHF0078	CHP05889	0.0904
UHF0078	CHP04000	0.0904
UHF0078	CHP06144	0.0904
UHF0078	CHP04902	0.0904
UHF0078	CHP05996	0.0904
UHF0078	CHP06157	0.0904
UHF0078	CHP03731	0.0602
UHF0078	CHP06279	0.0181
UHF0078	CHP06282	0.0181
UHF0078	CHP06363	0.0181
UHF0078	CHP00306	0.0181
UHF0078	CHP02219	0.0181
UHF0078	CHP04867	0.0181
UHF0078	CHP04697	0.0181
UHF0080	CHP04259	0.1731
UHF0080	CHP02023	0.1731
UHF0080	CHP06210	0.1154
UHF0080	CHP01118	0.1154
UHF0080	CHP01757	0.1154
UHF0080	CHP06282	0.0577
UHF0080	CHP04764	0.0577
UHF0080	CHP00306	0.0577
UHF0080	CHP02084	0.0577
UHF0080	CHP00513	0.0577
UHF0080	CHP05408	0.0192
UHF0084	CHP02566	0.1786
UHF0084	CHP06320	0.1786
UHF0084	CHP04453	0.119
UHF0084	CHP02023	0.119
UHF0084	CHP02305	0.119
UHF0084	CHP06255	0.0714
UHF0084	CHP06279	0.0357
UHF0084	CHP04902	0.0357
UHF0084	CHP04106	0.0357
UHF0084	CHP01757	0.0357
UHF0084	CHP02750	0.0357
UHF0084	CHP04697	0.0357
UHF0081	CHP00071	0.1948
UHF0081	CHP00389	0.1299
UHF0081	CHP02748	0.1299
UHF0081	CHP06323	0.0779
UHF0081	CHP06271	0.0779
UHF0081	CHP04473	0.0779
UHF0081	CHP03198	0.0779
UHF0081	CHP00003	0.0779
UHF0081	CHP05360	0.0779
UHF0081	CHP01771	0.0779
UHF0082	CHP01118	0.1364
UHF0082	CHP06241	0.1364
UHF0082	CHP06144	0.1364
UHF0082	CHP05255	0.1364
UHF0082	CHP00306	0.1136
UHF0082	CHP02219	0.1136
UHF0082	CHP05408	0.1136
UHF0082	CHP04867	0.1136
UHF0083	CHP02219	0.5
UHF0083	CHP04867	0.5
UHF0072	CHP02566	0.1923
UHF0072	CHP06241	0.1923
UHF0072	CHP06279	0.1923
UHF0072	CHP06144	0.1923
UHF0072	CHP04106	0.1923
UHF0072	CHP06255	0.0385
UHF0070	CHP04065	0.1685
UHF0070	CHP06320	0.1685
UHF0070	CHP06279	0.1685
UHF0070	CHP02566	0.1124
UHF0070	CHP06144	0.1124
UHF0070	CHP01118	0.1124
UHF0070	CHP04697	0.1124
UHF0070	CHP06282	0.0449
UHF0071	CHP06320	0.5714
UHF0071	CHP01368	0.2143
UHF0071	CHP01118	0.2143
UHF0075	CHP04106	0.2459
UHF0075	CHP06241	0.1967
UHF0075	CHP02750	0.1967
UHF0075	CHP05194	0.1475
UHF0075	CHP06279	0.0984
UHF0075	CHP01118	0.0984
UHF0075	CHP00306	0.0164
UHF0069	CHP04453	0.3846
UHF0069	CHP04065	0.0769
UHF0069	CHP03797	0.0769
UHF0069	CHP06279	0.0769
UHF0069	CHP06210	0.0769
UHF0069	CHP06144	0.0769
UHF0069	CHP05194	0.0769
UHF0069	CHP01118	0.0769
UHF0069	CHP06320	0.0385
UHF0069	CHP02219	0.0385
UHF0068	CHP06241	0.25
UHF0068	CHP06279	0.25
UHF0068	CHP03731	0.25
UHF0068	CHP04697	0.25
UHF0092	CHP05807	0.7109
UHF0092	CHP02084	0.0711
UHF0092	CHP06366	0.0474
UHF0092	CHP06210	0.0474
UHF0092	CHP04867	0.0474
UHF0092	CHP01323	0.0474
UHF0092	CHP06355	0.0071
UHF0092	CHP01515	0.0071
UHF0092	CHP03344	0.0071
UHF0092	CHP02748	0.0071
UHF0438	CHP05004	0.25
UHF0438	CHP01351	0.25
UHF0438	CHP00308	0.25
UHF0438	CHP02084	0.25
UHF0437	CHP05790	0.4545
UHF0437	CHP06342	0.4545
UHF0437	CHP02839	0.0455
UHF0437	CHP04867	0.0455
UHF0448	CHP02750	0.1485
UHF0448	CHP06240	0.099
UHF0448	CHP04047	0.099
UHF0448	CHP06221	0.099
UHF0448	CHP03731	0.099
UHF0448	CHP05682	0.099
UHF0448	CHP00071	0.099
UHF0448	CHP02265	0.099
UHF0448	CHP02410	0.099
UHF0448	CHP04106	0.0594
UHF0447	CHP06320	1.0
UHF0243	CHP03130	1.0
UHF0242	CHP03130	1.0
UHF0229	CHP04036	0.4405
UHF0229	CHP06246	0.0661
UHF0229	CHP03672	0.0661
UHF0229	CHP01515	0.0661
UHF0229	CHP00216	0.0661
UHF0229	CHP01146	0.0661
UHF0229	CHP05607	0.0661
UHF0229	CHP01771	0.0661
UHF0229	CHP01519	0.0441
UHF0229	CHP04473	0.0264
UHF0229	CHP05360	0.0264
UHF0240	CHP03130	0.5714
UHF0240	CHP02023	0.1714
UHF0240	CHP06211	0.0857
UHF0240	CHP04259	0.0857
UHF0240	CHP01757	0.0857
UHF0235	CHP03130	0.9009
UHF0235	CHP02967	0.0901
UHF0235	CHP04322	0.009
UHF0236	CHP04322	0.8091
UHF0236	CHP03130	0.1618
UHF0236	CHP06282	0.0097
UHF0236	CHP01127	0.0097
UHF0236	CHP00779	0.0097
UHF0234	CHP04322	0.8197
UHF0234	CHP03130	0.1639
UHF0234	CHP01146	0.0164
UHF0241	CHP03130	0.3774
UHF0241	CHP02023	0.2264
UHF0241	CHP06256	0.1132
UHF0241	CHP04259	0.1132
UHF0241	CHP02750	0.1132
UHF0241	CHP00513	0.0566
UHF0231	CHP03130	0.625
UHF0231	CHP01758	0.0938
UHF0231	CHP04124	0.0938
UHF0231	CHP02023	0.0938
UHF0231	CHP01644	0.0938
UHF0232	CHP03130	0.2609
UHF0232	CHP04124	0.2174
UHF0232	CHP02023	0.2174
UHF0232	CHP01644	0.2174
UHF0232	CHP06210	0.087
UHF0233	CHP01127	0.3333
UHF0233	CHP03130	0.3333
UHF0233	CHP06210	0.1111
UHF0233	CHP02023	0.1111
UHF0233	CHP01757	0.1111
UHF0230	CHP03130	0.6897
UHF0230	CHP04259	0.1034
UHF0230	CHP02023	0.1034
UHF0230	CHP06210	0.0517
UHF0230	CHP01757	0.0517
UHF0237	CHP03130	0.2128
UHF0237	CHP02239	0.0638
UHF0237	CHP01758	0.0638
UHF0237	CHP02024	0.0638
UHF0237	CHP06229	0.0638
UHF0237	CHP03672	0.0638
UHF0237	CHP02023	0.0638
UHF0237	CHP01757	0.0638
UHF0237	CHP03198	0.0638
UHF0237	CHP02084	0.0638
UHF0237	CHP06211	0.0426
UHF0237	CHP06210	0.0426
UHF0237	CHP04764	0.0426
UHF0237	CHP04259	0.0426
UHF0237	CHP04482	0.0426
UHF0238	CHP05807	0.4545
UHF0238	CHP03130	0.2727
UHF0238	CHP00004	0.0909
UHF0238	CHP03672	0.0909
UHF0238	CHP05607	0.0909
UHF0239	CHP00004	0.3333
UHF0239	CHP03672	0.3333
UHF0239	CHP05607	0.3333
UHF0444	CHP04901	0.6667
UHF0444	CHP04047	0.3333
UHF0206	CHP05807	0.6667
UHF0206	CHP06193	0.3333
UHF0207	CHP03130	0.3448
UHF0207	CHP05807	0.3448
UHF0207	CHP03767	0.1034
UHF0207	CHP01519	0.1034
UHF0207	CHP01898	0.1034
UHF0208	CHP02166	0.8571
UHF0208	CHP02196	0.1429
UHF0210	CHP04382	0.16
UHF0210	CHP06282	0.16
UHF0210	CHP04902	0.16
UHF0210	CHP04106	0.16
UHF0210	CHP00306	0.16
UHF0210	CHP05996	0.16
UHF0210	CHP06001	0.04
UHF0211	CHP04047	0.0635
UHF0211	CHP02750	0.0635
UHF0211	CHP00001	0.0635
UHF0211	CHP01871	0.0635
UHF0211	CHP02566	0.0381
UHF0211	CHP00784	0.0381
UHF0211	CHP06231	0.0381
UHF0211	CHP06266	0.0381
UHF0211	CHP04591	0.0381
UHF0211	CHP04106	0.0381
UHF0211	CHP00306	0.0381
UHF0211	CHP03013	0.0381
UHF0211	CHP05835	0.0381
UHF0211	CHP03344	0.0381
UHF0211	CHP06128	0.0381
UHF0211	CHP06157	0.0381
UHF0211	CHP00948	0.0381
UHF0211	CHP05914	0.019
UHF0211	CHP03797	0.019
UHF0211	CHP06144	0.019
UHF0211	CHP06140	0.019
UHF0211	CHP06163	0.019
UHF0211	CHP04150	0.019
UHF0211	CHP01127	0.019
UHF0211	CHP00844	0.019
UHF0211	CHP00316	0.019
UHF0211	CHP06396	0.019
UHF0211	CHP06161	0.019
UHF0211	CHP01326	0.019
UHF0211	CHP06212	0.0127
UHF0211	CHP06001	0.0095
UHF0209	CHP04902	0.6689
UHF0209	CHP04453	0.0669
UHF0209	CHP05194	0.0669
UHF0209	CHP05358	0.0669
UHF0209	CHP04047	0.0401
UHF0209	CHP05682	0.0401
UHF0209	CHP02750	0.0401
UHF0209	CHP00306	0.0067
UHF0209	CHP06001	0.0033
UHF0217	CHP00997	0.2
UHF0217	CHP04065	0.1111
UHF0217	CHP01368	0.1111
UHF0217	CHP03130	0.1111
UHF0217	CHP02685	0.0667
UHF0217	CHP00308	0.0667
UHF0217	CHP06366	0.0667
UHF0217	CHP05255	0.0667
UHF0217	CHP04861	0.0667
UHF0217	CHP01757	0.0667
UHF0217	CHP03013	0.0667
UHF0215	CHP06267	1.0
UHF0214	CHP03120	0.2597
UHF0214	CHP02756	0.1299
UHF0214	CHP03130	0.0693
UHF0214	CHP04065	0.0649
UHF0214	CHP06320	0.0433
UHF0214	CHP00997	0.0433
UHF0214	CHP01368	0.026
UHF0214	CHP03800	0.026
UHF0214	CHP06256	0.026
UHF0214	CHP05557	0.026
UHF0214	CHP02024	0.026
UHF0214	CHP02023	0.026
UHF0214	CHP01757	0.026
UHF0214	CHP02839	0.026
UHF0214	CHP02750	0.026
UHF0214	CHP03283	0.026
UHF0214	CHP03013	0.026
UHF0214	CHP02405	0.026
UHF0214	CHP01118	0.026
UHF0214	CHP02239	0.013
UHF0214	CHP06248	0.013
UHF0214	CHP06211	0.013
UHF0214	CHP01146	0.013
UHF0213	CHP06224	0.3797
UHF0213	CHP04258	0.0759
UHF0213	CHP00997	0.0759
UHF0213	CHP00608	0.0759
UHF0213	CHP02685	0.0506
UHF0213	CHP00308	0.0506
UHF0213	CHP05255	0.0506
UHF0213	CHP06220	0.038
UHF0213	CHP01119	0.038
UHF0213	CHP01757	0.038
UHF0213	CHP03013	0.038
UHF0213	CHP02405	0.038
UHF0213	CHP01368	0.0253
UHF0213	CHP03124	0.0253
UHF0216	CHP04258	0.625
UHF0216	CHP05004	0.125
UHF0216	CHP02166	0.125
UHF0216	CHP01127	0.0625
UHF0216	CHP01757	0.0625
UHF0212	CHP01161	0.155
UHF0212	CHP03342	0.155
UHF0212	CHP00316	0.155
UHF0212	CHP00238	0.155
UHF0212	CHP01146	0.155
UHF0212	CHP00779	0.155
UHF0212	CHP00306	0.0465
UHF0212	CHP05914	0.0233
UHF0376	CHP04473	1.0
UHF0377	CHP00004	0.4348
UHF0377	CHP06210	0.4348
UHF0377	CHP01119	0.1304
UHF0388	CHP06282	1.0
UHF0385	CHP06282	0.1026
UHF0385	CHP06240	0.0598
UHF0385	CHP04482	0.0598
UHF0385	CHP05486	0.0598
UHF0385	CHP01515	0.0598
UHF0385	CHP01161	0.0598
UHF0385	CHP00306	0.0598
UHF0385	CHP00316	0.0598
UHF0385	CHP04556	0.0598
UHF0385	CHP03344	0.0598
UHF0385	CHP00238	0.0598
UHF0385	CHP02904	0.0598
UHF0385	CHP01146	0.0598
UHF0385	CHP00640	0.0598
UHF0385	CHP01323	0.0598
UHF0385	CHP00779	0.0598
UHF0389	CHP05255	0.6608
UHF0389	CHP06282	0.022
UHF0389	CHP04764	0.022
UHF0389	CHP04106	0.022
UHF0389	CHP00306	0.022
UHF0389	CHP02750	0.022
UHF0389	CHP06157	0.022
UHF0389	CHP06202	0.022
UHF0389	CHP04047	0.0132
UHF0389	CHP05914	0.0132
UHF0389	CHP04591	0.0132
UHF0389	CHP04482	0.0132
UHF0389	CHP00339	0.0132
UHF0389	CHP00844	0.0132
UHF0389	CHP00001	0.0132
UHF0389	CHP05996	0.0132
UHF0389	CHP00360	0.0132
UHF0389	CHP04556	0.0132
UHF0389	CHP06396	0.0132
UHF0389	CHP06161	0.0132
UHF0389	CHP04571	0.0132
UHF0389	CHP00513	0.0132
UHF0387	CHP03352	0.3738
UHF0387	CHP06212	0.2492
UHF0387	CHP01161	0.0748
UHF0387	CHP01146	0.0748
UHF0387	CHP01515	0.0623
UHF0387	CHP00238	0.0623
UHF0387	CHP00844	0.0332
UHF0387	CHP03342	0.0332
UHF0387	CHP00779	0.0332
UHF0387	CHP06001	0.0031
UHF0396	CHP04591	0.5769
UHF0396	CHP01515	0.0577
UHF0396	CHP01161	0.0577
UHF0396	CHP03342	0.0577
UHF0396	CHP00316	0.0577
UHF0396	CHP01146	0.0577
UHF0396	CHP01326	0.0577
UHF0396	CHP00779	0.0577
UHF0396	CHP06001	0.0192
UHF0394	CHP05255	0.2199
UHF0394	CHP04106	0.2199
UHF0394	CHP02750	0.2199
UHF0394	CHP06240	0.1135
UHF0394	CHP06282	0.1135
UHF0394	CHP04591	0.1135
UHF0395	CHP06212	0.4751
UHF0395	CHP04322	0.2375
UHF0395	CHP03113	0.2375
UHF0395	CHP04106	0.0143
UHF0395	CHP02750	0.0143
UHF0395	CHP06282	0.0071
UHF0395	CHP03731	0.0071
UHF0395	CHP00316	0.0071
UHF0399	CHP01515	0.2326
UHF0399	CHP05360	0.2326
UHF0399	CHP01146	0.2326
UHF0399	CHP05607	0.2326
UHF0399	CHP01528	0.0698
UHF0380	CHP00844	0.1471
UHF0380	CHP03342	0.1471
UHF0380	CHP00238	0.1471
UHF0380	CHP01146	0.1471
UHF0380	CHP01323	0.1471
UHF0380	CHP04482	0.0588
UHF0380	CHP00306	0.0588
UHF0380	CHP00779	0.0588
UHF0380	CHP05914	0.0441
UHF0380	CHP06001	0.0441
UHF0386	CHP05807	0.7806
UHF0386	CHP05607	0.1171
UHF0386	CHP01146	0.0468
UHF0386	CHP01515	0.039
UHF0386	CHP01528	0.0117
UHF0386	CHP05360	0.0047
UHF0391	CHP04002	0.1929
UHF0391	CHP04322	0.1929
UHF0391	CHP02967	0.1929
UHF0391	CHP03113	0.1929
UHF0391	CHP02265	0.1929
UHF0391	CHP00216	0.0096
UHF0391	CHP01771	0.0096
UHF0391	CHP00844	0.0058
UHF0391	CHP01146	0.0058
UHF0391	CHP05486	0.0048
UHF0393	CHP00216	0.25
UHF0393	CHP06282	0.125
UHF0393	CHP06220	0.125
UHF0393	CHP04764	0.125
UHF0393	CHP03013	0.125
UHF0393	CHP01323	0.125
UHF0393	CHP00779	0.125
UHF0390	CHP06282	0.1361
UHF0390	CHP04764	0.1361
UHF0390	CHP03342	0.1361
UHF0390	CHP00360	0.1361
UHF0390	CHP00779	0.1361
UHF0390	CHP06220	0.0408
UHF0390	CHP06210	0.0408
UHF0390	CHP04591	0.0408
UHF0390	CHP01757	0.0408
UHF0390	CHP00948	0.0408
UHF0390	CHP01326	0.0408
UHF0390	CHP03343	0.0204
UHF0390	CHP00306	0.0204
UHF0390	CHP01146	0.0204
UHF0390	CHP06001	0.0136
UHF0381	CHP04322	0.4613
UHF0381	CHP05807	0.4613
UHF0381	CHP03130	0.0513
UHF0381	CHP01146	0.0077
UHF0381	CHP01515	0.0051
UHF0381	CHP00238	0.0051
UHF0381	CHP01323	0.0051
UHF0381	CHP06282	0.0031
UHF0384	CHP06212	0.3101
UHF0384	CHP06240	0.155
UHF0384	CHP00308	0.093
UHF0384	CHP06328	0.0465
UHF0384	CHP04764	0.0465
UHF0384	CHP03344	0.0465
UHF0384	CHP02904	0.0465
UHF0384	CHP01326	0.0465
UHF0384	CHP06280	0.0233
UHF0384	CHP06128	0.0233
UHF0384	CHP00513	0.0233
UHF0384	CHP04150	0.0186
UHF0384	CHP02913	0.0186
UHF0384	CHP00316	0.0186
UHF0384	CHP04867	0.0186
UHF0384	CHP00779	0.0186
UHF0384	CHP03343	0.0155
UHF0384	CHP03342	0.0155
UHF0384	CHP00001	0.0155
UHF0383	CHP00308	0.056
UHF0383	CHP03343	0.056
UHF0383	CHP06210	0.056
UHF0383	CHP04764	0.056
UHF0383	CHP04150	0.056
UHF0383	CHP01161	0.056
UHF0383	CHP00239	0.056
UHF0383	CHP00844	0.056
UHF0383	CHP03342	0.056
UHF0383	CHP03344	0.056
UHF0383	CHP00238	0.056
UHF0383	CHP02904	0.056
UHF0383	CHP01146	0.056
UHF0383	CHP01326	0.056
UHF0383	CHP00779	0.056
UHF0383	CHP02685	0.0336
UHF0383	CHP04173	0.0336
UHF0383	CHP00004	0.0336
UHF0383	CHP05255	0.0336
UHF0383	CHP06001	0.0168
UHF0383	CHP05914	0.0084
UHF0397	CHP05807	0.7692
UHF0397	CHP01368	0.0321
UHF0397	CHP03192	0.0321
UHF0397	CHP06328	0.0167
UHF0397	CHP06282	0.0167
UHF0397	CHP01127	0.0167
UHF0397	CHP00844	0.0167
UHF0397	CHP03342	0.0167
UHF0397	CHP06001	0.0167
UHF0397	CHP00316	0.0167
UHF0397	CHP03344	0.0167
UHF0397	CHP01323	0.0167
UHF0397	CHP00779	0.0167
UHF0392	CHP04322	0.4798
UHF0392	CHP06224	0.4798
UHF0392	CHP01368	0.0288
UHF0392	CHP04106	0.0058
UHF0392	CHP02750	0.0058
UHF0398	CHP01146	0.5556
UHF0398	CHP06241	0.1389
UHF0398	CHP03342	0.1389
UHF0398	CHP04697	0.1389
UHF0398	CHP00306	0.0278
UHF0382	CHP05807	0.8971
UHF0382	CHP00216	0.015
UHF0382	CHP01323	0.012
UHF0382	CHP04482	0.009
UHF0382	CHP05486	0.009
UHF0382	CHP01515	0.009
UHF0382	CHP00238	0.009
UHF0382	CHP00779	0.009
UHF0382	CHP06282	0.006
UHF0382	CHP01757	0.006
UHF0382	CHP03344	0.006
UHF0382	CHP01146	0.006
UHF0382	CHP00844	0.0036
UHF0382	CHP01316	0.0036
UHF0378	CHP02750	0.5747
UHF0378	CHP05255	0.1609
UHF0378	CHP06272	0.0345
UHF0378	CHP04382	0.023
UHF0378	CHP03013	0.023
UHF0378	CHP04047	0.023
UHF0378	CHP06282	0.023
UHF0378	CHP04591	0.023
UHF0378	CHP05682	0.023
UHF0378	CHP04150	0.023
UHF0378	CHP01818	0.023
UHF0378	CHP05774	0.023
UHF0378	CHP03344	0.023
UHF0379	CHP04322	0.8639
UHF0379	CHP04382	0.0432
UHF0379	CHP06282	0.0432
UHF0379	CHP01127	0.0432
UHF0379	CHP05914	0.0065
UHF0425	CHP03229	0.3
UHF0425	CHP06146	0.3
UHF0425	CHP01368	0.2
UHF0425	CHP05004	0.2
UHF0426	CHP02084	0.2593
UHF0426	CHP00071	0.1852
UHF0426	CHP01399	0.1852
UHF0426	CHP02839	0.1852
UHF0426	CHP04067	0.1852
UHF0427	CHP06248	0.25
UHF0427	CHP05004	0.25
UHF0427	CHP04795	0.25
UHF0427	CHP06146	0.25
UHF0424	CHP02751	0.1667
UHF0424	CHP00355	0.1667
UHF0424	CHP04002	0.1667
UHF0424	CHP01118	0.0833
UHF0424	CHP03732	0.0833
UHF0424	CHP03342	0.0833
UHF0424	CHP03352	0.0833
UHF0424	CHP06175	0.0833
UHF0424	CHP02748	0.0833
UHF0429	CHP05104	0.2381
UHF0429	CHP05807	0.2381
UHF0429	CHP00004	0.0714
UHF0429	CHP01516	0.0714
UHF0429	CHP01757	0.0714
UHF0429	CHP02839	0.0714
UHF0429	CHP06288	0.0476
UHF0429	CHP06264	0.0476
UHF0429	CHP06323	0.0476
UHF0429	CHP06210	0.0476
UHF0429	CHP06355	0.0238
UHF0429	CHP01127	0.0238
UHF0430	CHP01368	0.4
UHF0430	CHP04888	0.4
UHF0430	CHP05104	0.2
UHF0431	CHP03732	1.0
UHF0428	CHP04795	1.0
UHF0433	CHP03767	0.5
UHF0433	CHP05104	0.25
UHF0433	CHP05807	0.25
UHF0432	CHP03124	0.3158
UHF0432	CHP03120	0.3158
UHF0432	CHP06320	0.2105
UHF0432	CHP00608	0.1053
UHF0432	CHP06193	0.0526
UHF0434	CHP04322	0.303
UHF0434	CHP03130	0.303
UHF0434	CHP05360	0.1515
UHF0434	CHP00389	0.1212
UHF0434	CHP03475	0.0606
UHF0434	CHP02748	0.0606
UHF0404	CHP04047	0.4444
UHF0404	CHP00360	0.4444
UHF0404	CHP06001	0.0833
UHF0404	CHP05408	0.0278
UHF0403	CHP06320	0.1667
UHF0403	CHP03797	0.1667
UHF0403	CHP02751	0.1667
UHF0403	CHP02839	0.1667
UHF0403	CHP00534	0.1667
UHF0403	CHP02305	0.1667
UHF0405	CHP02239	0.2
UHF0405	CHP06246	0.2
UHF0405	CHP03704	0.2
UHF0405	CHP01118	0.2
UHF0405	CHP01898	0.2
UHF0227	CHP05104	0.6
UHF0227	CHP02750	0.4
UHF0443	CHP02750	0.6
UHF0443	CHP05104	0.4
UHF0440	CHP01138	0.7143
UHF0440	CHP02904	0.1429
UHF0440	CHP06246	0.0571
UHF0440	CHP06287	0.0429
UHF0440	CHP00238	0.0429
UHF0226	CHP02751	0.5
UHF0226	CHP05104	0.5
UHF0439	CHP05104	0.875
UHF0439	CHP00948	0.125
UHF0442	CHP04065	0.2
UHF0442	CHP02566	0.2
UHF0442	CHP05194	0.2
UHF0442	CHP04333	0.2
UHF0442	CHP05104	0.2
UHF0441	CHP04065	1.0
UHF0099	CHP06241	0.2162
UHF0099	CHP06279	0.2162
UHF0099	CHP01118	0.2162
UHF0099	CHP04697	0.2162
UHF0099	CHP04065	0.1351
UHF0401	CHP05004	0.3333
UHF0401	CHP04861	0.3333
UHF0401	CHP00238	0.3333
UHF0402	CHP03352	0.5
UHF0402	CHP02443	0.5
UHF0060	CHP04697	0.8811
UHF0060	CHP04065	0.0529
UHF0060	CHP05194	0.0441
UHF0060	CHP04902	0.022
UHF0026	CHP03130	0.8097
UHF0026	CHP02624	0.1255
UHF0026	CHP02219	0.0648
UHF0052	CHP02443	0.4615
UHF0052	CHP00308	0.2308
UHF0052	CHP06279	0.0769
UHF0052	CHP06282	0.0769
UHF0052	CHP00306	0.0769
UHF0052	CHP02750	0.0769
UHF0053	CHP02443	0.3681
UHF0053	CHP01368	0.2577
UHF0053	CHP00308	0.184
UHF0053	CHP06282	0.0859
UHF0053	CHP02750	0.0859
UHF0053	CHP00306	0.0184
UHF0054	CHP02443	0.4396
UHF0054	CHP02750	0.2198
UHF0054	CHP06279	0.0659
UHF0054	CHP05914	0.0659
UHF0054	CHP06282	0.0659
UHF0054	CHP00306	0.0659
UHF0054	CHP06161	0.0659
UHF0054	CHP06202	0.011
UHF0041	CHP04065	0.1111
UHF0041	CHP03013	0.1111
UHF0041	CHP06241	0.1111
UHF0041	CHP06279	0.1111
UHF0041	CHP06044	0.1111
UHF0041	CHP06224	0.1111
UHF0041	CHP05194	0.1111
UHF0041	CHP04867	0.1111
UHF0041	CHP01118	0.1111
UHF0016	CHP06229	0.6
UHF0016	CHP01350	0.4
UHF0017	CHP01368	0.3571
UHF0017	CHP06366	0.3571
UHF0017	CHP01118	0.0714
UHF0017	CHP04888	0.0714
UHF0017	CHP05004	0.0714
UHF0017	CHP02443	0.0714
UHF0018	CHP06366	0.2381
UHF0018	CHP04258	0.2381
UHF0018	CHP02443	0.2381
UHF0018	CHP01519	0.0952
UHF0018	CHP06210	0.0952
UHF0018	CHP04473	0.0952
UHF0043	CHP01368	0.5
UHF0043	CHP05004	0.25
UHF0043	CHP06279	0.1667
UHF0043	CHP01118	0.0833
UHF0042	CHP02443	0.4808
UHF0042	CHP01515	0.3846
UHF0042	CHP02219	0.0769
UHF0042	CHP06177	0.0577
UHF0022	CHP06282	0.2
UHF0022	CHP06366	0.2
UHF0022	CHP05004	0.2
UHF0022	CHP02084	0.2
UHF0022	CHP02443	0.2
UHF0023	CHP06366	0.25
UHF0023	CHP05004	0.25
UHF0023	CHP02084	0.25
UHF0023	CHP02443	0.25
UHF0024	CHP06282	0.24
UHF0024	CHP06366	0.24
UHF0024	CHP02084	0.24
UHF0024	CHP02443	0.24
UHF0024	CHP05004	0.04
UHF0025	CHP01368	0.2632
UHF0025	CHP01440	0.2632
UHF0025	CHP06366	0.1316
UHF0025	CHP06210	0.1316
UHF0025	CHP01757	0.1316
UHF0025	CHP06193	0.0789
UHF0031	CHP02443	0.2857
UHF0031	CHP06264	0.1429
UHF0031	CHP06323	0.1429
UHF0031	CHP06287	0.1429
UHF0031	CHP06366	0.1429
UHF0031	CHP05004	0.1429
UHF0036	CHP01368	0.3333
UHF0036	CHP06246	0.3333
UHF0036	CHP01399	0.3333
UHF0035	CHP06384	0.2632
UHF0035	CHP04867	0.2632
UHF0035	CHP06246	0.1579
UHF0035	CHP01161	0.0789
UHF0035	CHP03342	0.0789
UHF0035	CHP02219	0.0789
UHF0035	CHP00779	0.0789
UHF0027	CHP00308	0.3333
UHF0027	CHP01368	0.2
UHF0027	CHP04065	0.1333
UHF0027	CHP06241	0.1111
UHF0027	CHP02443	0.1111
UHF0027	CHP02967	0.0556
UHF0027	CHP02750	0.0556
UHF0029	CHP06264	0.2927
UHF0029	CHP02685	0.1463
UHF0029	CHP05255	0.1463
UHF0029	CHP00308	0.1463
UHF0029	CHP05919	0.0732
UHF0029	CHP05996	0.0732
UHF0029	CHP06157	0.0732
UHF0029	CHP00004	0.0488
UHF0028	CHP06264	0.5714
UHF0028	CHP06157	0.2857
UHF0028	CHP02009	0.1429
UHF0030	CHP01368	0.2
UHF0030	CHP06264	0.2
UHF0030	CHP00308	0.2
UHF0030	CHP05004	0.2
UHF0030	CHP03283	0.2
UHF0013	CHP06320	0.6
UHF0013	CHP01368	0.3
UHF0013	CHP06279	0.05
UHF0013	CHP01118	0.05
UHF0014	CHP06320	0.5455
UHF0014	CHP01368	0.2727
UHF0014	CHP01118	0.1818
UHF0015	CHP01368	0.2857
UHF0015	CHP06320	0.2857
UHF0015	CHP06279	0.1429
UHF0015	CHP01118	0.1429
UHF0015	CHP04065	0.0857
UHF0015	CHP02443	0.0571
UHF0032	CHP01368	0.3226
UHF0032	CHP06366	0.3226
UHF0032	CHP06280	0.0968
UHF0032	CHP06264	0.0968
UHF0032	CHP00513	0.0968
UHF0032	CHP01757	0.0645
UHF0012	CHP06282	0.25
UHF0012	CHP00997	0.25
UHF0012	CHP03283	0.25
UHF0012	CHP02443	0.25
UHF0011	CHP02219	0.5
UHF0011	CHP01146	0.5
UHF0019	CHP02557	0.9009
UHF0019	CHP04065	0.018
UHF0019	CHP01161	0.018
UHF0019	CHP00099	0.018
UHF0019	CHP03343	0.009
UHF0019	CHP00306	0.009
UHF0019	CHP03342	0.009
UHF0019	CHP04867	0.009
UHF0019	CHP01323	0.009
UHF0008	CHP02685	0.1818
UHF0008	CHP05255	0.1818
UHF0008	CHP00308	0.1818
UHF0008	CHP06279	0.0909
UHF0008	CHP06366	0.0909
UHF0008	CHP06163	0.0909
UHF0008	CHP04258	0.0909
UHF0008	CHP00997	0.0909
UHF0009	CHP00308	0.375
UHF0009	CHP00997	0.375
UHF0009	CHP04065	0.15
UHF0009	CHP06256	0.075
UHF0009	CHP06193	0.025
UHF0010	CHP00308	0.6667
UHF0010	CHP06323	0.3333
UHF0007	CHP04867	0.1364
UHF0007	CHP06246	0.0909
UHF0007	CHP05321	0.0909
UHF0007	CHP01515	0.0909
UHF0007	CHP00948	0.0909
UHF0007	CHP00779	0.0909
UHF0007	CHP06282	0.0545
UHF0007	CHP06210	0.0545
UHF0007	CHP04764	0.0545
UHF0007	CHP04482	0.0545
UHF0007	CHP00306	0.0545
UHF0007	CHP00513	0.0545
UHF0007	CHP01323	0.0545
UHF0007	CHP06287	0.0273
UHF0006	CHP01368	0.6667
UHF0006	CHP06264	0.0833
UHF0006	CHP06366	0.0833
UHF0006	CHP05004	0.0833
UHF0006	CHP04258	0.0833
UHF0005	CHP00308	0.1111
UHF0005	CHP06282	0.1111
UHF0005	CHP06256	0.1111
UHF0005	CHP01757	0.1111
UHF0005	CHP00306	0.1111
UHF0005	CHP02405	0.1111
UHF0005	CHP02084	0.1111
UHF0005	CHP00513	0.1111
UHF0005	CHP02443	0.1111
UHF0020	CHP06396	0.3802
UHF0020	CHP06161	0.1901
UHF0020	CHP06212	0.1141
UHF0020	CHP04867	0.076
UHF0020	CHP05294	0.0456
UHF0020	CHP01323	0.0456
UHF0020	CHP03343	0.0228
UHF0020	CHP06282	0.0228
UHF0020	CHP06231	0.0228
UHF0020	CHP04106	0.0228
UHF0020	CHP00289	0.0228
UHF0020	CHP00756	0.0228
UHF0020	CHP00306	0.0114
UHF0021	CHP00238	0.1027
UHF0021	CHP05255	0.0684
UHF0021	CHP05294	0.0684
UHF0021	CHP01757	0.0456
UHF0021	CHP00001	0.0456
UHF0021	CHP01110	0.0456
UHF0021	CHP01146	0.0456
UHF0021	CHP01519	0.038
UHF0021	CHP02515	0.038
UHF0021	CHP06246	0.038
UHF0021	CHP06241	0.038
UHF0021	CHP05955	0.038
UHF0021	CHP06231	0.038
UHF0021	CHP00289	0.038
UHF0021	CHP00240	0.038
UHF0021	CHP03013	0.038
UHF0021	CHP02219	0.038
UHF0021	CHP00779	0.038
UHF0021	CHP06355	0.0285
UHF0021	CHP04867	0.0285
UHF0021	CHP06280	0.0228
UHF0021	CHP06287	0.0228
UHF0021	CHP01127	0.0228
UHF0021	CHP00316	0.0228
UHF0021	CHP02748	0.0114
UHF0040	CHP01368	0.2051
UHF0040	CHP03283	0.2051
UHF0040	CHP06285	0.1538
UHF0040	CHP06210	0.1538
UHF0040	CHP02443	0.1538
UHF0040	CHP03192	0.0769
UHF0040	CHP05004	0.0513
UHF0037	CHP06279	0.3333
UHF0037	CHP01118	0.3333
UHF0037	CHP04697	0.3333
UHF0038	CHP04065	0.1667
UHF0038	CHP03975	0.1667
UHF0038	CHP04888	0.1667
UHF0038	CHP01757	0.1667
UHF0038	CHP06241	0.0833
UHF0038	CHP06279	0.0833
UHF0038	CHP01119	0.0833
UHF0038	CHP01118	0.0833
UHF0039	CHP04065	0.1
UHF0039	CHP06255	0.1
UHF0039	CHP03800	0.1
UHF0039	CHP02566	0.1
UHF0039	CHP06241	0.1
UHF0039	CHP06279	0.1
UHF0039	CHP04322	0.1
UHF0039	CHP01118	0.1
UHF0039	CHP01644	0.1
UHF0039	CHP00071	0.1
UHF0044	CHP01368	0.3333
UHF0044	CHP06366	0.3333
UHF0044	CHP04258	0.3333
UHF0045	CHP02443	0.36
UHF0045	CHP01368	0.16
UHF0045	CHP00308	0.16
UHF0045	CHP06282	0.16
UHF0045	CHP02750	0.16
UHF0046	CHP02750	0.2353
UHF0046	CHP03192	0.2353
UHF0046	CHP02685	0.1373
UHF0046	CHP03352	0.1373
UHF0046	CHP02443	0.1373
UHF0046	CHP06279	0.0588
UHF0046	CHP06264	0.0196
UHF0046	CHP06282	0.0196
UHF0046	CHP00513	0.0196
UHF0047	CHP02750	0.3824
UHF0047	CHP02443	0.2941
UHF0047	CHP00308	0.1471
UHF0047	CHP01368	0.0882
UHF0047	CHP06282	0.0882
UHF0049	CHP00513	0.6
UHF0049	CHP01146	0.4
UHF0050	CHP05807	0.5882
UHF0050	CHP00513	0.1765
UHF0050	CHP03342	0.1176
UHF0050	CHP01146	0.1176
UHF0051	CHP02624	0.5625
UHF0051	CHP00513	0.1875
UHF0051	CHP03342	0.125
UHF0051	CHP01146	0.125
UHF0048	CHP00513	0.5
UHF0048	CHP06241	0.25
UHF0048	CHP01146	0.25
UHF0034	CHP01368	0.2632
UHF0034	CHP06366	0.2632
UHF0034	CHP01118	0.1579
UHF0034	CHP05004	0.1579
UHF0034	CHP02443	0.1579
UHF0033	CHP02443	0.4545
UHF0033	CHP06366	0.2727
UHF0033	CHP02023	0.2727
UHF0003	CHP01368	0.1228
UHF0003	CHP06366	0.1053
UHF0003	CHP03871	0.1053
UHF0003	CHP04861	0.1053
UHF0003	CHP02750	0.1053
UHF0003	CHP01146	0.0877
UHF0003	CHP04065	0.0526
UHF0003	CHP02685	0.0526
UHF0003	CHP06264	0.0526
UHF0003	CHP04258	0.0526
UHF0003	CHP01757	0.0526
UHF0003	CHP00997	0.0526
UHF0003	CHP03635	0.0526
UHF0004	CHP01515	0.7692
UHF0004	CHP06241	0.1538
UHF0004	CHP01019	0.0769
UHF0059	CHP04047	0.1667
UHF0059	CHP06249	0.1667
UHF0059	CHP05682	0.1667
UHF0059	CHP02750	0.1667
UHF0059	CHP03013	0.1667
UHF0059	CHP02305	0.1667
UHF0058	CHP04322	0.2924
UHF0058	CHP01533	0.2924
UHF0058	CHP03113	0.2924
UHF0058	CHP06320	0.0292
UHF0058	CHP04047	0.0292
UHF0058	CHP03013	0.0195
UHF0058	CHP02750	0.0195
UHF0058	CHP02305	0.0195
UHF0058	CHP05408	0.0058
UHF0056	CHP06249	1.0
UHF0055	CHP04047	0.2
UHF0055	CHP06249	0.2
UHF0055	CHP03013	0.2
UHF0055	CHP02305	0.2
UHF0055	CHP03672	0.1
UHF0055	CHP02750	0.1
UHF0057	CHP03013	1.0
UHF0275	CHP02566	0.0968
UHF0275	CHP06144	0.0968
UHF0275	CHP06140	0.0968
UHF0275	CHP04106	0.0968
UHF0275	CHP02750	0.0968
UHF0275	CHP06242	0.0645
UHF0275	CHP06255	0.0645
UHF0275	CHP05194	0.0645
UHF0275	CHP01118	0.0645
UHF0275	CHP05996	0.0645
UHF0275	CHP06157	0.0645
UHF0275	CHP06202	0.0645
UHF0275	CHP04867	0.0645
UHF0268	CHP06282	1.0
UHF0288	CHP02750	0.2778
UHF0288	CHP04000	0.1389
UHF0288	CHP06266	0.1389
UHF0288	CHP06241	0.0833
UHF0288	CHP00004	0.0833
UHF0288	CHP04047	0.0833
UHF0288	CHP04106	0.0833
UHF0288	CHP00513	0.0694
UHF0288	CHP00306	0.0417
UHF0289	CHP06221	0.1667
UHF0289	CHP03731	0.1667
UHF0289	CHP06236	0.1667
UHF0289	CHP00779	0.1667
UHF0289	CHP06272	0.0667
UHF0289	CHP06355	0.0667
UHF0289	CHP04902	0.0667
UHF0289	CHP05996	0.0667
UHF0289	CHP06157	0.0667
UHF0290	CHP01898	0.3947
UHF0290	CHP06255	0.1316
UHF0290	CHP04888	0.1316
UHF0290	CHP06210	0.1053
UHF0290	CHP02265	0.1053
UHF0290	CHP06144	0.0921
UHF0290	CHP06241	0.0395
UHF0258	CHP00240	0.3333
UHF0258	CHP00844	0.3333
UHF0258	CHP00316	0.3333
UHF0283	CHP02913	0.2222
UHF0283	CHP06140	0.1852
UHF0283	CHP04473	0.1852
UHF0283	CHP00513	0.1852
UHF0283	CHP00306	0.1111
UHF0283	CHP02904	0.1111
UHF0284	CHP06255	0.1538
UHF0284	CHP02566	0.1538
UHF0284	CHP00356	0.1538
UHF0284	CHP02504	0.1538
UHF0284	CHP01898	0.1538
UHF0284	CHP06241	0.1154
UHF0284	CHP04697	0.1154
UHF0282	CHP06212	0.5333
UHF0282	CHP04697	0.08
UHF0282	CHP04322	0.06
UHF0282	CHP02023	0.06
UHF0282	CHP06241	0.0533
UHF0282	CHP05194	0.0533
UHF0282	CHP02566	0.04
UHF0282	CHP06279	0.04
UHF0282	CHP06044	0.04
UHF0282	CHP01118	0.04
UHF0286	CHP03800	0.4054
UHF0286	CHP02566	0.3243
UHF0286	CHP05557	0.2703
UHF0266	CHP03352	1.0
UHF0285	CHP01368	0.4839
UHF0285	CHP04065	0.3226
UHF0285	CHP06282	0.0968
UHF0285	CHP01146	0.0968
UHF0255	CHP02904	0.3333
UHF0255	CHP05020	0.2333
UHF0255	CHP00071	0.2333
UHF0255	CHP01368	0.1667
UHF0255	CHP06146	0.0333
UHF0256	CHP03229	1.0
UHF0281	CHP03352	0.125
UHF0281	CHP06241	0.125
UHF0281	CHP06279	0.125
UHF0281	CHP06144	0.125
UHF0281	CHP04126	0.125
UHF0281	CHP04106	0.125
UHF0281	CHP02750	0.125
UHF0281	CHP02265	0.125
UHF0287	CHP02750	0.2941
UHF0287	CHP06266	0.1765
UHF0287	CHP06282	0.0706
UHF0287	CHP04764	0.0706
UHF0287	CHP04482	0.0706
UHF0287	CHP01118	0.0706
UHF0287	CHP02084	0.0706
UHF0287	CHP04571	0.0706
UHF0287	CHP00513	0.0706
UHF0287	CHP00306	0.0353
UHF0291	CHP06241	0.2
UHF0291	CHP06272	0.2
UHF0291	CHP03731	0.2
UHF0291	CHP06236	0.2
UHF0291	CHP02566	0.04
UHF0291	CHP06279	0.04
UHF0291	CHP04047	0.04
UHF0291	CHP04333	0.04
UHF0291	CHP04697	0.04
UHF0292	CHP02566	0.2222
UHF0292	CHP01818	0.2222
UHF0292	CHP06241	0.1111
UHF0292	CHP06210	0.1111
UHF0292	CHP04106	0.1111
UHF0292	CHP01118	0.1111
UHF0292	CHP04697	0.1111
UHF0249	CHP01757	0.6557
UHF0249	CHP02239	0.0984
UHF0249	CHP06282	0.082
UHF0249	CHP04259	0.082
UHF0249	CHP02750	0.082
UHF0259	CHP06242	0.1905
UHF0259	CHP06144	0.1905
UHF0259	CHP03731	0.1905
UHF0259	CHP03352	0.1905
UHF0259	CHP06157	0.1905
UHF0259	CHP04867	0.0476
UHF0260	CHP06372	0.5
UHF0260	CHP00240	0.5
UHF0262	CHP06210	0.1587
UHF0262	CHP04482	0.1587
UHF0262	CHP01757	0.1587
UHF0262	CHP02904	0.1587
UHF0262	CHP05607	0.1587
UHF0262	CHP00513	0.1587
UHF0262	CHP04764	0.0476
UHF0261	CHP06212	0.5085
UHF0261	CHP01757	0.1695
UHF0261	CHP00779	0.1695
UHF0261	CHP06282	0.1017
UHF0261	CHP01146	0.0508
UHF0263	CHP06212	0.7634
UHF0263	CHP02566	0.2366
UHF0264	CHP06212	0.6593
UHF0264	CHP02566	0.1703
UHF0264	CHP04902	0.1703
UHF0265	CHP06236	0.6522
UHF0265	CHP06241	0.087
UHF0265	CHP04000	0.087
UHF0265	CHP06144	0.087
UHF0265	CHP03352	0.087
UHF0273	CHP00102	0.6667
UHF0273	CHP04888	0.1667
UHF0273	CHP02009	0.0667
UHF0273	CHP00308	0.0667
UHF0273	CHP06282	0.0333
UHF0269	CHP04124	0.1667
UHF0269	CHP01644	0.1667
UHF0269	CHP06210	0.1111
UHF0269	CHP04259	0.1111
UHF0269	CHP02023	0.1111
UHF0269	CHP01118	0.0667
UHF0269	CHP01757	0.0667
UHF0269	CHP06282	0.0333
UHF0269	CHP06363	0.0333
UHF0269	CHP04764	0.0333
UHF0269	CHP00306	0.0333
UHF0269	CHP02084	0.0333
UHF0269	CHP00513	0.0333
UHF0270	CHP06282	0.1525
UHF0270	CHP04258	0.1525
UHF0270	CHP02084	0.1525
UHF0270	CHP06210	0.1271
UHF0270	CHP01118	0.1271
UHF0270	CHP01757	0.1271
UHF0270	CHP00513	0.0847
UHF0270	CHP04764	0.0254
UHF0270	CHP00306	0.0254
UHF0270	CHP06363	0.0169
UHF0270	CHP05408	0.0085
UHF0271	CHP02566	0.4
UHF0271	CHP03800	0.3
UHF0271	CHP05557	0.3
UHF0272	CHP06210	0.5
UHF0272	CHP04124	0.5
UHF0446	CHP06221	0.1429
UHF0446	CHP06217	0.1429
UHF0446	CHP03731	0.1429
UHF0446	CHP01118	0.1429
UHF0446	CHP02750	0.1429
UHF0446	CHP03352	0.1429
UHF0446	CHP02443	0.1429
UHF0250	CHP02685	0.2083
UHF0250	CHP05255	0.1389
UHF0250	CHP00308	0.1389
UHF0250	CHP00389	0.0694
UHF0250	CHP02515	0.0694
UHF0250	CHP00004	0.0694
UHF0250	CHP02009	0.0694
UHF0250	CHP01898	0.0694
UHF0250	CHP04065	0.0463
UHF0250	CHP05104	0.0463
UHF0250	CHP04795	0.0463
UHF0250	CHP06282	0.0139
UHF0250	CHP03342	0.0139
UHF0254	CHP02566	0.4
UHF0254	CHP02219	0.4
UHF0254	CHP04867	0.2
UHF0251	CHP06266	0.1846
UHF0251	CHP04259	0.1538
UHF0251	CHP02023	0.1538
UHF0251	CHP01757	0.1538
UHF0251	CHP06210	0.1077
UHF0251	CHP01118	0.1077
UHF0251	CHP04764	0.0462
UHF0251	CHP00306	0.0462
UHF0251	CHP00513	0.0462
UHF0252	CHP00004	0.1887
UHF0252	CHP06210	0.1887
UHF0252	CHP04473	0.1887
UHF0252	CHP05607	0.1887
UHF0252	CHP01326	0.1887
UHF0252	CHP04867	0.0566
UHF0253	CHP06212	0.8065
UHF0253	CHP06241	0.0242
UHF0253	CHP06279	0.0242
UHF0253	CHP06144	0.0242
UHF0253	CHP05194	0.0242
UHF0253	CHP04124	0.0242
UHF0253	CHP04106	0.0242
UHF0253	CHP01118	0.0242
UHF0253	CHP04697	0.0242
UHF0276	CHP06221	0.3333
UHF0276	CHP03732	0.3333
UHF0276	CHP03352	0.1667
UHF0276	CHP02219	0.1111
UHF0276	CHP04867	0.0556
UHF0257	CHP01519	0.1456
UHF0257	CHP04591	0.1456
UHF0257	CHP01757	0.1456
UHF0257	CHP05607	0.1456
UHF0257	CHP01771	0.1456
UHF0257	CHP06210	0.0971
UHF0257	CHP04556	0.0971
UHF0257	CHP04482	0.0485
UHF0257	CHP00059	0.0291
UHF0445	CHP02685	0.125
UHF0445	CHP04065	0.125
UHF0445	CHP05255	0.125
UHF0445	CHP00308	0.125
UHF0445	CHP05841	0.125
UHF0445	CHP06221	0.125
UHF0445	CHP05996	0.125
UHF0445	CHP02443	0.125
UHF0280	CHP03283	0.7234
UHF0280	CHP00997	0.2128
UHF0280	CHP00306	0.0638
UHF0279	CHP00316	0.5
UHF0279	CHP06146	0.5
UHF0277	CHP06212	0.8065
UHF0277	CHP04065	0.0968
UHF0277	CHP05194	0.0968
UHF0278	CHP06212	0.6667
UHF0278	CHP05194	0.1111
UHF0278	CHP06241	0.1111
UHF0278	CHP06144	0.1111
UHF0274	CHP00004	0.3333
UHF0274	CHP06210	0.3333
UHF0274	CHP01757	0.3333
UHF0247	CHP01368	0.3214
UHF0247	CHP06320	0.3214
UHF0247	CHP02023	0.1339
UHF0247	CHP02750	0.1339
UHF0247	CHP06279	0.0893
UHF0248	CHP01368	0.2186
UHF0248	CHP00308	0.2186
UHF0248	CHP06320	0.2186
UHF0248	CHP04065	0.1093
UHF0248	CHP02023	0.0874
UHF0248	CHP02750	0.0874
UHF0248	CHP06279	0.0601
UHF0244	CHP06212	0.5263
UHF0244	CHP04902	0.2105
UHF0244	CHP05255	0.1053
UHF0244	CHP04047	0.0526
UHF0244	CHP02750	0.0526
UHF0244	CHP03013	0.0526
UHF0245	CHP05255	0.1667
UHF0245	CHP06282	0.1667
UHF0245	CHP04473	0.1667
UHF0245	CHP01118	0.1667
UHF0245	CHP00360	0.1667
UHF0245	CHP00216	0.1667
UHF0246	CHP04126	0.2703
UHF0246	CHP06240	0.1351
UHF0246	CHP06272	0.1351
UHF0246	CHP06215	0.1351
UHF0246	CHP06236	0.1351
UHF0246	CHP05607	0.1351
UHF0246	CHP05255	0.027
UHF0246	CHP00360	0.027
UHF0267	CHP04382	0.3333
UHF0267	CHP04322	0.3333
UHF0267	CHP04106	0.1667
UHF0267	CHP02750	0.1667
UHF0205	CHP04368	0.1765
UHF0205	CHP03124	0.1176
UHF0205	CHP03130	0.1176
UHF0205	CHP06256	0.1176
UHF0205	CHP04258	0.1176
UHF0205	CHP01119	0.1176
UHF0205	CHP03013	0.1176
UHF0205	CHP02023	0.1176
UHF0198	CHP01119	0.5
UHF0198	CHP01757	0.5
UHF0200	CHP05557	0.2459
UHF0200	CHP01146	0.1639
UHF0200	CHP01119	0.1475
UHF0200	CHP01757	0.1475
UHF0200	CHP03344	0.1475
UHF0200	CHP01323	0.1475
UHF0201	CHP03130	0.3488
UHF0201	CHP01758	0.0698
UHF0201	CHP02024	0.0698
UHF0201	CHP01399	0.0698
UHF0201	CHP05557	0.0698
UHF0201	CHP01757	0.0698
UHF0201	CHP02839	0.0698
UHF0201	CHP06220	0.0349
UHF0201	CHP04861	0.0349
UHF0201	CHP04258	0.0349
UHF0201	CHP05486	0.0349
UHF0201	CHP01119	0.0349
UHF0201	CHP03013	0.0349
UHF0201	CHP03198	0.0233
UHF0202	CHP06224	0.3279
UHF0202	CHP04861	0.0984
UHF0202	CHP01146	0.0984
UHF0202	CHP06211	0.082
UHF0202	CHP04368	0.082
UHF0202	CHP01118	0.082
UHF0202	CHP01399	0.0492
UHF0202	CHP06210	0.0492
UHF0202	CHP01757	0.0492
UHF0202	CHP00997	0.0492
UHF0202	CHP05486	0.0328
UHF0203	CHP03130	0.3275
UHF0203	CHP01757	0.1965
UHF0203	CHP01399	0.131
UHF0203	CHP06210	0.0655
UHF0203	CHP00997	0.0655
UHF0203	CHP02839	0.0655
UHF0203	CHP02750	0.0524
UHF0203	CHP05360	0.0524
UHF0203	CHP05807	0.0437
UHF0199	CHP01758	0.1875
UHF0199	CHP06210	0.1875
UHF0199	CHP01757	0.1875
UHF0199	CHP03130	0.1875
UHF0199	CHP04861	0.125
UHF0199	CHP04571	0.125
UHF0204	CHP06224	0.3627
UHF0204	CHP03124	0.1295
UHF0204	CHP04861	0.1295
UHF0204	CHP03013	0.1295
UHF0204	CHP06320	0.0829
UHF0204	CHP03672	0.0829
UHF0204	CHP00308	0.0829
UHF0456	CHP06241	0.4828
UHF0456	CHP06279	0.4828
UHF0456	CHP05408	0.0345
UHF0455	CHP03120	0.3093
UHF0455	CHP06212	0.3093
UHF0455	CHP00997	0.1546
UHF0455	CHP06193	0.1031
UHF0455	CHP03797	0.0619
UHF0455	CHP06320	0.0619
UHF0452	CHP05004	0.3333
UHF0452	CHP05104	0.3333
UHF0452	CHP05962	0.3333
UHF0453	CHP04795	0.3333
UHF0453	CHP03130	0.3333
UHF0453	CHP04065	0.3333
UHF0451	CHP01528	0.5114
UHF0451	CHP05004	0.2273
UHF0451	CHP06280	0.1136
UHF0451	CHP06355	0.1136
UHF0451	CHP02904	0.0284
UHF0451	CHP06287	0.0057
UHF0457	CHP06371	0.4545
UHF0457	CHP06372	0.1061
UHF0457	CHP00308	0.1061
UHF0457	CHP01118	0.053
UHF0457	CHP06279	0.053
UHF0457	CHP02750	0.053
UHF0457	CHP04629	0.053
UHF0457	CHP04697	0.053
UHF0457	CHP02443	0.053
UHF0457	CHP04867	0.0152
UHF0458	CHP06279	0.5
UHF0458	CHP05408	0.5
UHF0454	CHP04065	0.1667
UHF0454	CHP06280	0.1667
UHF0454	CHP05004	0.1667
UHF0454	CHP01519	0.1667
UHF0454	CHP01898	0.1667
UHF0454	CHP05360	0.1667
UHF0450	CHP06175	0.6202
UHF0450	CHP01118	0.3101
UHF0450	CHP06246	0.0233
UHF0450	CHP04867	0.0233
UHF0450	CHP06371	0.0233
UHF0449	CHP06241	0.2973
UHF0449	CHP06279	0.2973
UHF0449	CHP06372	0.2973
UHF0449	CHP04697	0.1081
UHF0354	CHP06320	0.1429
UHF0354	CHP03800	0.1429
UHF0354	CHP01119	0.1429
UHF0354	CHP02305	0.1429
UHF0354	CHP03124	0.1071
UHF0354	CHP00608	0.1071
UHF0354	CHP06241	0.0714
UHF0354	CHP06279	0.0714
UHF0354	CHP04322	0.0714
UHF0322	CHP06202	1.0
UHF0320	CHP04453	0.2593
UHF0320	CHP04322	0.2593
UHF0320	CHP04333	0.2593
UHF0320	CHP02305	0.2222
UHF0351	CHP02756	0.2817
UHF0351	CHP00608	0.2817
UHF0351	CHP02750	0.1127
UHF0351	CHP02024	0.0563
UHF0351	CHP03124	0.0423
UHF0351	CHP03800	0.0282
UHF0351	CHP06320	0.0282
UHF0351	CHP06256	0.0282
UHF0351	CHP04322	0.0282
UHF0351	CHP02023	0.0282
UHF0351	CHP03013	0.0282
UHF0351	CHP01118	0.0282
UHF0351	CHP02305	0.0282
UHF0352	CHP02024	0.25
UHF0352	CHP02750	0.25
UHF0352	CHP04124	0.125
UHF0352	CHP02023	0.125
UHF0352	CHP01644	0.125
UHF0352	CHP01757	0.125
UHF0353	CHP02750	0.947
UHF0353	CHP04258	0.0379
UHF0353	CHP03343	0.0038
UHF0353	CHP01127	0.0038
UHF0353	CHP00360	0.0038
UHF0353	CHP00779	0.0038
UHF0345	CHP01757	0.25
UHF0345	CHP03352	0.25
UHF0345	CHP05607	0.25
UHF0345	CHP01771	0.25
UHF0350	CHP06212	0.9434
UHF0350	CHP04764	0.0566
UHF0355	CHP02750	0.2747
UHF0355	CHP06224	0.2747
UHF0355	CHP06229	0.1374
UHF0355	CHP06266	0.1374
UHF0355	CHP04259	0.0687
UHF0355	CHP06282	0.0206
UHF0355	CHP04106	0.0206
UHF0355	CHP01127	0.0206
UHF0355	CHP01118	0.0206
UHF0355	CHP02023	0.0206
UHF0355	CHP00306	0.0041
UHF0306	CHP03306	0.303
UHF0306	CHP04047	0.2273
UHF0306	CHP05682	0.2273
UHF0306	CHP06266	0.1515
UHF0306	CHP06240	0.0909
UHF0308	CHP01757	0.4348
UHF0308	CHP00513	0.4348
UHF0308	CHP02750	0.087
UHF0308	CHP06016	0.0435
UHF0307	CHP03113	0.7194
UHF0307	CHP03013	0.0968
UHF0307	CHP00784	0.0645
UHF0307	CHP02023	0.0645
UHF0307	CHP01119	0.0323
UHF0307	CHP01757	0.0226
UHF0321	CHP06224	0.3571
UHF0321	CHP04259	0.1071
UHF0321	CHP02024	0.1071
UHF0321	CHP01644	0.1071
UHF0321	CHP04258	0.0714
UHF0321	CHP04124	0.0714
UHF0321	CHP01118	0.0714
UHF0321	CHP02023	0.0536
UHF0321	CHP01757	0.0536
UHF0342	CHP03130	0.2156
UHF0342	CHP06210	0.199
UHF0342	CHP03124	0.1658
UHF0342	CHP00608	0.1658
UHF0342	CHP03672	0.0498
UHF0342	CHP05557	0.0498
UHF0342	CHP00216	0.0498
UHF0342	CHP04065	0.0249
UHF0342	CHP03975	0.0249
UHF0342	CHP01757	0.0249
UHF0342	CHP06282	0.01
UHF0342	CHP03344	0.01
UHF0342	CHP01146	0.01
UHF0343	CHP04322	0.239
UHF0343	CHP03113	0.239
UHF0343	CHP06224	0.1195
UHF0343	CHP00608	0.1096
UHF0343	CHP03999	0.0478
UHF0343	CHP06266	0.0478
UHF0343	CHP02967	0.0478
UHF0343	CHP06320	0.0239
UHF0343	CHP02305	0.0239
UHF0343	CHP04901	0.0239
UHF0343	CHP04047	0.0159
UHF0343	CHP06249	0.0159
UHF0343	CHP03013	0.0159
UHF0343	CHP02566	0.01
UHF0343	CHP00308	0.01
UHF0343	CHP01644	0.01
UHF0347	CHP03130	0.9346
UHF0347	CHP03013	0.0187
UHF0347	CHP06220	0.0187
UHF0347	CHP02750	0.0112
UHF0347	CHP00360	0.0112
UHF0347	CHP00779	0.0056
UHF0324	CHP03124	0.229
UHF0324	CHP00608	0.229
UHF0324	CHP06320	0.1527
UHF0324	CHP02750	0.1527
UHF0324	CHP03013	0.1145
UHF0324	CHP06255	0.0763
UHF0324	CHP04322	0.0458
UHF0326	CHP04322	0.7576
UHF0326	CHP06396	0.0758
UHF0326	CHP06161	0.0379
UHF0326	CHP04047	0.0253
UHF0326	CHP06282	0.0152
UHF0326	CHP06220	0.0152
UHF0326	CHP01127	0.0152
UHF0326	CHP02750	0.0152
UHF0326	CHP00779	0.0152
UHF0326	CHP03343	0.0076
UHF0326	CHP04482	0.0076
UHF0326	CHP00339	0.0076
UHF0326	CHP05914	0.0025
UHF0326	CHP06001	0.0025
UHF0333	CHP04861	0.5
UHF0333	CHP03013	0.25
UHF0333	CHP05676	0.25
UHF0334	CHP04861	0.5
UHF0334	CHP06220	0.25
UHF0334	CHP03013	0.25
UHF0335	CHP03124	0.2513
UHF0335	CHP03130	0.2513
UHF0335	CHP04861	0.0754
UHF0335	CHP05557	0.0754
UHF0335	CHP03635	0.0754
UHF0335	CHP03800	0.0452
UHF0335	CHP06320	0.0452
UHF0335	CHP01757	0.0452
UHF0335	CHP02750	0.0452
UHF0335	CHP03013	0.0452
UHF0335	CHP01118	0.0452
UHF0336	CHP03124	0.2404
UHF0336	CHP03130	0.2404
UHF0336	CHP04861	0.0721
UHF0336	CHP05557	0.0721
UHF0336	CHP03635	0.0721
UHF0336	CHP01758	0.0433
UHF0336	CHP03800	0.0433
UHF0336	CHP06320	0.0433
UHF0336	CHP06211	0.0433
UHF0336	CHP02750	0.0433
UHF0336	CHP03013	0.0433
UHF0336	CHP01118	0.0433
UHF0337	CHP01118	0.2632
UHF0337	CHP03124	0.0789
UHF0337	CHP04577	0.0789
UHF0337	CHP01757	0.0789
UHF0337	CHP03050	0.0789
UHF0337	CHP01758	0.0526
UHF0337	CHP03013	0.0526
UHF0337	CHP03672	0.0526
UHF0337	CHP06210	0.0526
UHF0337	CHP04861	0.0526
UHF0337	CHP05557	0.0526
UHF0337	CHP03635	0.0526
UHF0337	CHP00360	0.0526
UHF0338	CHP04368	0.2632
UHF0338	CHP04861	0.1579
UHF0338	CHP03130	0.1316
UHF0338	CHP03672	0.0789
UHF0338	CHP05557	0.0789
UHF0338	CHP01119	0.0789
UHF0338	CHP03013	0.0789
UHF0338	CHP03635	0.0789
UHF0338	CHP01757	0.0526
UHF0339	CHP05807	0.7825
UHF0339	CHP04861	0.0469
UHF0339	CHP03672	0.0235
UHF0339	CHP05557	0.0235
UHF0339	CHP03013	0.0235
UHF0339	CHP03635	0.0235
UHF0339	CHP01118	0.0235
UHF0339	CHP01127	0.0141
UHF0339	CHP01757	0.0141
UHF0339	CHP04571	0.0141
UHF0339	CHP04368	0.011
UHF0340	CHP04065	0.4785
UHF0340	CHP04258	0.1435
UHF0340	CHP02685	0.0718
UHF0340	CHP05255	0.0718
UHF0340	CHP00308	0.0718
UHF0340	CHP04861	0.0574
UHF0340	CHP02750	0.0574
UHF0340	CHP03130	0.0478
UHF0341	CHP04861	0.5
UHF0341	CHP03013	0.25
UHF0341	CHP05676	0.25
UHF0328	CHP06224	0.2281
UHF0328	CHP03120	0.1141
UHF0328	CHP03130	0.076
UHF0328	CHP00608	0.076
UHF0328	CHP04065	0.057
UHF0328	CHP06256	0.057
UHF0328	CHP01644	0.057
UHF0328	CHP00997	0.057
UHF0328	CHP00451	0.057
UHF0328	CHP05051	0.038
UHF0328	CHP00543	0.038
UHF0328	CHP02405	0.038
UHF0328	CHP02305	0.038
UHF0328	CHP02750	0.0228
UHF0328	CHP04047	0.0228
UHF0328	CHP00640	0.0228
UHF0329	CHP06224	0.5445
UHF0329	CHP03999	0.1815
UHF0329	CHP06320	0.1089
UHF0329	CHP02756	0.1089
UHF0329	CHP00608	0.0544
UHF0329	CHP00306	0.0018
UHF0330	CHP00608	0.566
UHF0330	CHP04368	0.1887
UHF0330	CHP02756	0.1887
UHF0330	CHP06320	0.0566
UHF0331	CHP00608	1.0
UHF0332	CHP03130	0.3922
UHF0332	CHP00608	0.3268
UHF0332	CHP02528	0.1961
UHF0332	CHP04902	0.0654
UHF0332	CHP02024	0.0196
UHF0327	CHP04368	0.4545
UHF0327	CHP03130	0.4091
UHF0327	CHP03999	0.1364
UHF0313	CHP03130	0.1818
UHF0313	CHP05194	0.1818
UHF0313	CHP05557	0.1818
UHF0313	CHP00608	0.1818
UHF0313	CHP03800	0.0909
UHF0313	CHP03672	0.0909
UHF0313	CHP01757	0.0909
UHF0318	CHP05807	1.0
UHF0344	CHP06212	0.3947
UHF0344	CHP03130	0.3289
UHF0344	CHP06210	0.0526
UHF0344	CHP04577	0.0526
UHF0344	CHP04591	0.0526
UHF0344	CHP01757	0.0526
UHF0344	CHP01399	0.0132
UHF0344	CHP03342	0.0132
UHF0344	CHP02502	0.0132
UHF0344	CHP01323	0.0132
UHF0344	CHP00779	0.0132
UHF0310	CHP03871	1.0
UHF0309	CHP03130	0.463
UHF0309	CHP01757	0.0926
UHF0309	CHP01399	0.0617
UHF0309	CHP04473	0.0463
UHF0309	CHP00216	0.0463
UHF0309	CHP01146	0.0463
UHF0309	CHP01898	0.0463
UHF0309	CHP06246	0.0309
UHF0309	CHP05004	0.0309
UHF0309	CHP04258	0.0309
UHF0309	CHP03198	0.0309
UHF0309	CHP02084	0.0309
UHF0309	CHP02239	0.0216
UHF0309	CHP02839	0.0216
UHF0311	CHP04124	0.2
UHF0311	CHP02024	0.2
UHF0311	CHP02023	0.2
UHF0311	CHP01644	0.2
UHF0311	CHP01818	0.2
UHF0312	CHP06210	0.1875
UHF0312	CHP06128	0.1875
UHF0312	CHP05557	0.125
UHF0312	CHP04124	0.125
UHF0312	CHP01757	0.125
UHF0312	CHP00216	0.125
UHF0312	CHP01771	0.125
UHF0356	CHP06224	0.5605
UHF0356	CHP00608	0.2242
UHF0356	CHP03130	0.0359
UHF0356	CHP06320	0.0224
UHF0356	CHP03800	0.0224
UHF0356	CHP03672	0.0224
UHF0356	CHP04322	0.0224
UHF0356	CHP05557	0.0224
UHF0356	CHP04368	0.0224
UHF0356	CHP04333	0.0224
UHF0356	CHP01118	0.0224
UHF0357	CHP03130	0.4762
UHF0357	CHP03672	0.0952
UHF0357	CHP05557	0.0952
UHF0357	CHP06210	0.0714
UHF0357	CHP01757	0.0714
UHF0357	CHP03800	0.0476
UHF0357	CHP02023	0.0476
UHF0357	CHP01644	0.0476
UHF0357	CHP01118	0.0476
UHF0358	CHP04368	0.2817
UHF0358	CHP03124	0.0845
UHF0358	CHP03130	0.0845
UHF0358	CHP06211	0.0845
UHF0358	CHP05557	0.0845
UHF0358	CHP00608	0.0845
UHF0358	CHP03672	0.0563
UHF0358	CHP01757	0.0563
UHF0358	CHP04322	0.0423
UHF0358	CHP03800	0.0282
UHF0358	CHP03975	0.0282
UHF0358	CHP04888	0.0282
UHF0358	CHP01127	0.0282
UHF0358	CHP04571	0.0282
UHF0359	CHP04368	0.3058
UHF0359	CHP00608	0.3058
UHF0359	CHP03124	0.0917
UHF0359	CHP03672	0.0917
UHF0359	CHP06218	0.0612
UHF0359	CHP01119	0.0612
UHF0359	CHP03800	0.0459
UHF0359	CHP06320	0.0367
UHF0317	CHP01771	0.4348
UHF0317	CHP06266	0.2174
UHF0317	CHP00608	0.2174
UHF0317	CHP00216	0.1304
UHF0319	CHP03999	0.3704
UHF0319	CHP00451	0.3704
UHF0319	CHP02967	0.1852
UHF0319	CHP00608	0.0741
UHF0297	CHP03013	0.3902
UHF0297	CHP06220	0.2439
UHF0297	CHP00784	0.0732
UHF0297	CHP06202	0.0732
UHF0297	CHP04047	0.0366
UHF0297	CHP05914	0.0366
UHF0297	CHP06282	0.0366
UHF0297	CHP06001	0.0366
UHF0297	CHP00360	0.0366
UHF0297	CHP06157	0.0366
UHF0302	CHP05807	1.0
UHF0303	CHP03343	0.1053
UHF0303	CHP06282	0.1053
UHF0303	CHP01161	0.1053
UHF0303	CHP00339	0.1053
UHF0303	CHP03342	0.1053
UHF0303	CHP00316	0.1053
UHF0303	CHP00360	0.1053
UHF0303	CHP03344	0.1053
UHF0303	CHP00779	0.1053
UHF0303	CHP01515	0.0526
UHF0304	CHP05807	0.9124
UHF0304	CHP03344	0.0164
UHF0304	CHP06282	0.0128
UHF0304	CHP01127	0.0128
UHF0304	CHP00844	0.0128
UHF0304	CHP01146	0.0128
UHF0304	CHP00779	0.0109
UHF0304	CHP00339	0.0091
UHF0305	CHP05807	0.9524
UHF0305	CHP06282	0.0095
UHF0305	CHP01515	0.0095
UHF0305	CHP01161	0.0095
UHF0305	CHP01146	0.0095
UHF0305	CHP00779	0.0095
UHF0301	CHP02756	0.4695
UHF0301	CHP03999	0.2817
UHF0301	CHP04002	0.2347
UHF0301	CHP02566	0.0141
UHF0298	CHP01757	0.2479
UHF0298	CHP02750	0.2479
UHF0298	CHP04764	0.1653
UHF0298	CHP02084	0.124
UHF0298	CHP06282	0.0826
UHF0298	CHP06210	0.0826
UHF0298	CHP03344	0.0496
UHF0299	CHP06283	0.4444
UHF0299	CHP03999	0.2667
UHF0299	CHP02750	0.0889
UHF0299	CHP03130	0.0667
UHF0299	CHP06256	0.0667
UHF0299	CHP02084	0.0667
UHF0300	CHP05807	0.8403
UHF0300	CHP02750	0.042
UHF0300	CHP06366	0.0202
UHF0300	CHP02084	0.0202
UHF0300	CHP01118	0.0168
UHF0300	CHP06211	0.0101
UHF0300	CHP00216	0.0101
UHF0300	CHP06282	0.005
UHF0300	CHP06210	0.005
UHF0300	CHP04482	0.005
UHF0300	CHP01757	0.005
UHF0300	CHP00306	0.005
UHF0300	CHP04571	0.005
UHF0300	CHP01127	0.005
UHF0300	CHP01771	0.005
UHF0349	CHP04065	1.0
UHF0348	CHP03130	0.4
UHF0348	CHP04036	0.4
UHF0348	CHP01757	0.1
UHF0348	CHP01118	0.1
UHF0323	CHP06224	0.4054
UHF0323	CHP06320	0.1216
UHF0323	CHP02024	0.1216
UHF0323	CHP02750	0.1216
UHF0323	CHP02305	0.1216
UHF0323	CHP02023	0.0608
UHF0323	CHP00608	0.0473
UHF0346	CHP03124	1.0
UHF0314	CHP04259	0.1193
UHF0314	CHP01855	0.1193
UHF0314	CHP06282	0.0917
UHF0314	CHP06266	0.0917
UHF0314	CHP06248	0.0917
UHF0314	CHP04322	0.0917
UHF0314	CHP02023	0.0917
UHF0314	CHP02750	0.0917
UHF0314	CHP03344	0.0917
UHF0314	CHP01771	0.0917
UHF0314	CHP00306	0.0275
UHF0315	CHP02023	0.251
UHF0315	CHP02750	0.251
UHF0315	CHP03013	0.1255
UHF0315	CHP00513	0.1255
UHF0315	CHP02305	0.1255
UHF0315	CHP02024	0.0837
UHF0315	CHP04259	0.0377
UHF0316	CHP02023	0.297
UHF0316	CHP04259	0.2475
UHF0316	CHP02750	0.2475
UHF0316	CHP02024	0.1485
UHF0316	CHP00513	0.0594
UHF0325	CHP00004	0.5
UHF0325	CHP06212	0.5
UHF0296	CHP00216	1.0
UHF0295	CHP06212	0.9737
UHF0295	CHP04382	0.0146
UHF0295	CHP06282	0.0058
UHF0295	CHP00360	0.0058
UHF0294	CHP01368	0.9091
UHF0294	CHP00306	0.0909
UHF0001	CHP03013	0.1681
UHF0001	CHP02443	0.0896
UHF0001	CHP01519	0.056
UHF0001	CHP06328	0.056
UHF0001	CHP03475	0.056
UHF0001	CHP06210	0.056
UHF0001	CHP04863	0.056
UHF0001	CHP04482	0.056
UHF0001	CHP00059	0.056
UHF0001	CHP00844	0.056
UHF0001	CHP00216	0.056
UHF0001	CHP04258	0.042
UHF0001	CHP06366	0.0336
UHF0001	CHP02504	0.0336
UHF0001	CHP01146	0.0336
UHF0001	CHP05004	0.0224
UHF0001	CHP01515	0.0224
UHF0001	CHP02750	0.0168
UHF0001	CHP02272	0.0168
UHF0001	CHP02166	0.0168
UHF0002	CHP06328	0.1429
UHF0002	CHP06282	0.1429
UHF0002	CHP04482	0.1429
UHF0002	CHP00306	0.1429
UHF0002	CHP03344	0.1429
UHF0002	CHP01323	0.1429
UHF0002	CHP02443	0.1429
UHF0400	CHP06211	0.1429
UHF0400	CHP01440	0.1429
UHF0400	CHP02839	0.1429
UHF0400	CHP02913	0.1429
UHF0400	CHP05360	0.1429
UHF0400	CHP00520	0.1429
UHF0400	CHP04065	0.0476
UHF0400	CHP02751	0.0476
UHF0400	CHP03283	0.0476
UHF0100	CHP01757	0.1658
UHF0100	CHP00339	0.1658
UHF0100	CHP04901	0.1658
UHF0100	CHP01771	0.1658
UHF0100	CHP04992	0.0829
UHF0100	CHP05984	0.0663
UHF0100	CHP05753	0.0663
UHF0100	CHP00779	0.0498
UHF0100	CHP06343	0.0116
UHF0100	CHP03343	0.005
UHF0100	CHP00004	0.005
UHF0100	CHP06282	0.005
UHF0100	CHP04861	0.005
UHF0100	CHP01161	0.005
UHF0100	CHP00844	0.005
UHF0100	CHP03342	0.005
UHF0100	CHP00360	0.005
UHF0100	CHP03344	0.005
UHF0100	CHP00948	0.005
UHF0100	CHP01127	0.005
UHF0100	CHP01323	0.005
UHF0105	CHP01758	0.1744
UHF0105	CHP06211	0.1744
UHF0105	CHP02239	0.093
UHF0105	CHP06285	0.093
UHF0105	CHP00004	0.093
UHF0105	CHP06248	0.093
UHF0105	CHP01757	0.093
UHF0105	CHP00289	0.093
UHF0105	CHP03283	0.093
UHF0101	CHP06320	0.1429
UHF0101	CHP06210	0.1429
UHF0101	CHP05557	0.1429
UHF0101	CHP01119	0.1429
UHF0101	CHP01757	0.1429
UHF0101	CHP03130	0.1429
UHF0101	CHP04571	0.1429
UHF0102	CHP03130	0.3261
UHF0102	CHP01758	0.163
UHF0102	CHP02239	0.0815
UHF0102	CHP00245	0.0815
UHF0102	CHP06210	0.0652
UHF0102	CHP01757	0.0652
UHF0102	CHP04571	0.0652
UHF0102	CHP04065	0.0543
UHF0102	CHP04482	0.0326
UHF0102	CHP01693	0.0326
UHF0102	CHP03344	0.0326
UHF0103	CHP04368	0.236
UHF0103	CHP03130	0.2022
UHF0103	CHP01758	0.1124
UHF0103	CHP02024	0.1124
UHF0103	CHP06211	0.0674
UHF0103	CHP06210	0.0674
UHF0103	CHP05360	0.0674
UHF0103	CHP01118	0.0674
UHF0103	CHP01757	0.0337
UHF0103	CHP04571	0.0337
UHF0104	CHP03130	0.2
UHF0104	CHP02239	0.1
UHF0104	CHP01758	0.1
UHF0104	CHP06211	0.1
UHF0104	CHP04368	0.1
UHF0104	CHP01757	0.1
UHF0104	CHP00245	0.1
UHF0104	CHP06227	0.08
UHF0104	CHP04482	0.04
UHF0104	CHP05360	0.04
UHF0104	CHP03344	0.04
